ASIN,PRICE
B0792L6VXJ,98.22
B012OD41OQ,57.53
B07FD4TK54,570.22
B015NDDJT2,60.7
B0186N6PII,87.62
B01M6939UJ,67.18
B01NAE38GD,531.94
B01NBKIZC1,434.39
B01N5FB8T3,138.07
B07G8VWL8F,49.5
B07G8WGVF8,39
B00URRB9JW,131.2
B007WQQ90A,306
B00E4MQETQ,51.26
B016V2360Q,268.75
B0054R6OW2,32.69
B0756XRVVD,155
B00F2E29ZS,602.63
B06XWKV3GM,1490.95
B01M8NATFE,73.24
B01IQQUSME,45.58
B01C8YOHEK,140.58
B000EPVQBI,114.94
B01M72C1U7,129.04
B088C2TQ9L,236
B07S17L81W,180.65
B074PCKSPH,28.18
B074PCY2PD,29.5
B006WB4I5E,124.95
B00LFSS8FU,55.95
B07BHHLQHF,49.96
B07J5GQ2V5,322.03
B01LWAEN4R,136.39
B072J4PWPL,781
B07J6NP2LV,883.63
B0892T3VVG,895.13
B01CHP76XO,156.72
B089P347RD,288.18
B073T7HRWZ,169.28
B01HF1ETN0,180.4
B082VCC6CV,131
B083YNB8CM,211.76
B00YTKAOXU,46.06
B00YTKARHS,48.4
B012OCOZZM,49.5
B00SZAGDTE,44.91
B00SZAGENE,44.02
B00SI75V1A,42.69
B00YTKC1AO,40.87
B00SI76BD2,54.42
B00SI76GBE,32.85
B00SZAGLKK,31.61
B00SZAGMD6,48.73
B00SI76Y6G,44.15
B00SZAGT70,47.79
B00FAZ0HIA,119.4
B078XPR5NB,56.03
B01BM1NM4G,129
B015XAUPPQ,50
B00SI75D8G,36.43
B00YTKAZRA,35.82
B00YTKBB9G,36.43
B01MG58HO2,39.66
B0120Y3D7A,23.9
B0120Y3EPQ,28.4
B0120Y50QW,48.15
B0120Y55ZI,41.14
B012OCXWY2,108.9
B00EQCUB6Q,70.19
B018A1UWAS,152.29
B01MY1CK4G,169.4
B00KN0C596,151.69
B01N7LBNNV,274.42
B01MYGVN8T,324.5
B000BFH8JK,88.07
B009TC694Q,160.05
B002BHURAI,49.64
B002IVTN0W,77.28
B000HT4ETC,55.96
B07PJCRN2Z,279
B002IVTN34,151
B005IWLIQK,377.98
B01NAD94G1,117
B00K24JSMU,73.04
B075HHHTCF,73.04
B075HHHTCG,77.13
B01JZ9ZGIW,164.11
B075HBBXVQ,50.57
B075HBC6H6,49.27
B01N59FRS7,245.23
B00VZ7N5RW,188.25
B075HBBX6P,23.17
B0844GVR4G,144.8
B07576VGH3,168.94
B07TVF4CGQ,579.33
B00F07VU02,131.2
B0186N9T2M,265
B000MK5SIM,84.44
B002HM2MUU,18.73
B000EEX644,249.33
B00BUTDOXU,18.92
B00004YOB1,26.46
B000K1E7C6,26.3
B001HWP6X6,26.6
B004GZG3HY,26.6
B017S9K5WS,33.03
B002FCLD3O,30.65
B000CFNHX0,24.22
B000PSDKN6,18.84
B00HUR7ID8,22.16
B01MUC71HF,33.29
B0120XXIK8,35.25
B0006NF5B0,71.77
B002BYGXNG,29.14
B000TROJEW,20.99
B005EO1IA8,23.16
B000FNTCQA,19.92
B0120YB96C,21.47
B000TQ2RLU,25.13
B005ENUGAM,26.89
B005ENZWOC,19.1
B0195V1YBI,20.99
B00IOX1F6I,19.14
B0051VPOT0,19.85
B003A2H3LY,21.2
B0120YBAUW,21.71
B000TRJGPO,23.25
B00II052FM,29.1
B004F7JALO,31.6
B000FL20PW,30.45
B000Q6RZQ0,39.88
B000TRL4GI,37.9
B0040TUSYK,117.2
B005XUHI98,28.45
B00ABC293S,70.82
B002YKA8H4,19.54
B014PR29KC,19.34
B009PJPJKI,64.87
B009PJPKJS,85.17
B009PJPKUM,119.96
B00LFRRZVY,130.1
B00LMDI8A8,55.34
B00B7421BE,22.58
B000UE1VCM,25.45
B00176ON7W,20.89
B000HB35AY,42
B004TI1486,39.83
B003A50QYM,53.89
B0000EI9AQ,43.23
B00008RW9Z,39
B0000CCXVL,66.81
B0000EI9AT,40
B002JG1LCE,25.69
B002V06UJC,30.45
B003A4VA84,37.95
B0051D38ZA,17.04
B004489SD4,17.33
B07D6XW9DN,17.38
B0002UKWJ2,17.67
B073T6MMTC,17.78
B000ZYPISK,17.98
B0051D3VOS,18.21
B000C11NO4,19.87
B000BO9JMK,184
B000EB891W,152
B000EGZ5YG,224.95
B00AZA61XA,18.81
B000LQ905E,67.79
B00PJ9AFTI,29.29
B0000EI9AZ,67.79
B000KKUSSY,30.91
B0000EI9B2,52.21
B00EQGLRI8,26.47
B0002UKV7U,25.25
B009YNUPBS,26.75
B0026GN31Y,26.75
B0000CCXVZ,66.08
B000QW6K8I,59.8
B000ENQ17O,32.72
B00004YO6Y,89.96
B0030XMFGG,137.46
B0042U4MTO,20.53
B0046H0MQ0,48.77
B017MZCJKO,20.04
B002C7GMJ2,20.04
B002C7A75W,19.67
B00270PVWI,19.81
B0006NF5T2,19.81
B00270NVBG,19.81
B0027S8E5G,19.81
B0006NF5W4,74.02
B00004YOB7,24.51
B001D1FXDE,40.04
B000WZRO2K,19.21
B00C7JY8K0,19.52
B000K1G15W,20.09
B00MRB0Z2I,21.84
B00004YOBD,24.51
B0025PKJYA,30.05
B00QXFMLPS,20.58
B00004YOBL,34.21
B0026GJ6HO,29.29
B00206JKJE,29.29
B002709S90,29.29
B0195UFPL4,34.51
B004GZFLTA,34.51
B0026GOTK8,42.7
B0027S98EC,42.7
B002709SLI,48.49
B0026GMZSG,42.7
B000022450,21.2
B000SOT93W,17.88
B003Z7VV2Q,21.35
B003ZKIB8A,17.47
B002ORJCGK,17.57
B00AZA0C62,21.71
B001D1L068,22.49
B0195V0TAU,19.7
B00STYDZM4,23.65
B001322OXK,17.18
B000I274YU,17.25
B001CJZUL2,17.75
B001BP1Y8A,20.15
B001BP1Y94,21.28
B004GZDSFO,27.72
B005R2N12U,17.26
B000FPCJRC,35.67
B00W5TM9KS,20.01
B004GZADKW,20.01
B001DUQZPK,20.01
B000GHWIES,20.01
B0006NF52Y,20.2
B0042XOYOE,20.2
B0006NF53S,20.2
B0015UXHK4,20.2
B000692NUU,22.17
B000JD4OSW,23.8
B000GATEE2,26.61
B000GAUXME,26.61
B000HIAN2U,26.61
B00BUTEZSS,28.56
B002DQBUEY,26.34
B0195UIRRI,27.28
B000K1E5WS,26.96
B0015SJYOO,25
B0195V6UEO,27.28
B000GAUURW,35.7
B016P5X48S,26.84
B004GZFZDC,36.23
B00W5TME5S,39.59
B00SXHL13M,42.1
B003YND4RQ,17.04
B0002UKX1O,17.1
B0002UKX1Y,17.75
B0002UKX28,17.91
B0120Y583C,18.02
B0002UKX2S,18.37
B000GHV5A6,18.62
B000GHWHXA,19.15
B0120Y8T7Y,19.6
B0120YAPEE,21.01
B0000DD5IY,21.59
B00004YO87,22.29
B00004YO89,23.31
B002YKD0XS,23.8
B0000DD5J9,24.85
B000GHWI0C,25.19
B0002UKX6E,20
B00HRXZDVE,20.28
B00C7JZUNO,20.12
B00C7JZWGY,21
B000K1CVH4,24.01
B0002UKXCI,27.75
B0002UKXE6,34.19
B0006NDHJM,31.08
B0006NDHKG,36.89
B00AZAB1U8,21.49
B004GZBV4Y,23.17
B000PC4D56,39.59
B0195V5QPI,39.72
B002XMW9Q6,39.72
B002FCNA1C,65.11
B00BRGM4TG,69.34
B003A4K14S,74.54
B000GASJ3O,35.17
B000VYKHXK,37.05
B00BRGLYN8,36.03
B016TQHOI4,39.06
B0002UKXXM,38.4
B003YND7NW,40.3
B01MEEWI5F,40.97
B004GZACL2,43.08
B0002UKXYQ,49.17
B00AZA4LVO,58.96
B00DTVCAAU,19.48
B002YKL1XO,18.16
B005ENZFGW,20.93
B000KKSWF0,20.77
B007TMHZ9G,20.91
B00QZHQDAI,20.58
B00QZI01BY,20.58
B002YDHKK4,20.58
B017S9KC8K,20.58
B00IOXAF9Q,20.77
B004GZG76Q,20.77
B01MS6GNFD,20.77
B002YDLHDU,20.77
B0120XROFS,20.77
B000TRKZUO,20.89
B000KL7OYO,30.95
B00JBFN2Z0,70.27
B00JBFN2LE,60.5
B01N52S5Q5,135
B007T9OV2I,108
B000KIVP1A,174.68
B07X6K6984,1720.9
B00061SF3C,83.72
B004KLVJAA,114.4
B01JBJDI2W,24.2
B01JBI4BV0,202.32
B000HDE5OM,53.19
B00061SFKK,152.26
B00061SFOQ,30.69
B00XMUNL42,66.11
B01JBJG84W,47.03
B01JBOGT5A,40.01
B01JBOYTQQ,53.22
B01JBNHUAE,42.78
B01JBLECU2,36.69
B01JBNOAVG,39.34
B01JBIHN4W,37.4
B01JBNRT5K,43.05
B002YK9OS8,34.24
B002YKF5D6,44.45
B002YK9P2S,34.2
B000KIRVE0,240.35
B0083RPVF6,199.55
B0083RPVGA,198.95
B000LQN5G4,58.04
B015J5IBSS,196.3
B000RH4GHO,342.49
B01JBNL0RS,75.64
B014KCS1TU,66.12
B00061SGO0,75.85
B01JBOJQBY,44.02
B01JBJTA9W,76.67
B01JBHYN9G,86.94
B002RDGMNM,73.48
B00061SH6W,73.4
B01JBNMVHQ,132.67
B00061SGW2,85.34
B01JBNR1LM,258.69
B000I1K04M,97.25
B01JBL7TA2,105.44
B003D3N7YW,77.99
B00MAB80EU,78.85
B00XMUNKXY,32.84
B01JBJU1J0,55
B01J7X4DIK,34.22
B01J7X4DJE,41.32
B01J7X4I44,41.39
B01J7X4ECU,31.76
B01J7X4DKS,32.58
B0002T5E1Y,34
B01CHP76CU,125
B00407QGZC,174.95
B00407SHZ4,160
B000OUZD30,260.8
B000OUW720,378.07
B00J6BZKZ4,335.79
B000OUZBEG,148.07
B000OUZD4Y,148.55
B000OUW8WY,136.59
B004IQJTFY,161.21
B073WLCVB6,182.14
B000M5ZXDM,161.39
B00B3I1UR0,193.89
B00BI2HPHU,159.81
B00BI2HQ24,253.85
B084KKDZV2,266
B000OUZBFK,123.18
B083ZLMCX5,254.3
B06ZYRSPKW,691.56
B00AZA8RC8,58.54
B008FXNMFE,50.47
B00A7EQEV8,65.95
B008FXNMIQ,59
B008FXNO4S,119.18
B00A7EQFTY,80.24
B00A7EQIW8,83.37
B00A7EQJC2,66.63
B00A7EQK7Q,64.1
B00A7EQKLC,54.79
B00A7EQL52,51.07
B00A7EQLKW,50.67
B000OUW752,323.45
B000OUUGG4,304.15
B004I88ZDY,265.69
B07D2M29NW,928.23
B000YOQURE,136.3
B07D2MG27C,142.82
B086BLQ8MS,377.93
B00J6C0DKK,425.78
B073RF7DYW,435.47
B00J6C0HAG,776.05
B000OUUGIW,105.29
B004IQ8RMU,104.31
B001BC3LXE,146.39
B00RKMUZO2,150.35
B009USFJ4U,429.47
B0077LNFWU,202.28
B004I9HOV2,280.57
B004I9LGK2,272.15
B07QYWKBTQ,1018.82
B00H2VUWFS,132.95
B081VQVQ8P,119.41
B07NBRZCG4,47.32
B001THMUOW,95.89
B000OUZA4W,227.57
B007SM3TO2,198.51
B00SXH81KI,241.42
B01BDDOMP6,334.47
B01N6IMOYM,38.06
B000OUW60I,39.29
B000M5YYIW,33.55
B000M5ZV5M,37.96
B000M61J9I,35.03
B00UZETSHW,46.92
B000M5YYOG,43.05
B000M65P3E,87.77
B000M65P4I,68.3
B000OUUG8M,39.91
B000M5ZVXE,43.58
B000M5ZVYS,39.14
B000M5ZVFC,38.75
B00TW22SKM,40.75
B000OUZB8W,49.89
B000OUX936,65.49
B01C31K9EK,56.47
B007QDVTLI,113.79
B000M5ZVIO,69.66
B000OUX93G,51.37
B000M5ZVK2,30.13
B004WLRSVC,87.87
B004WLRIJO,72.2
B01MRZ5Q8F,82.4
B01NAKXTQD,95.9
B004WLR9VG,40.41
B004I6TT0O,63.99
B00SI78RDE,81.12
B0120Y5WSI,100
B00SI79VVQ,154.41
B016UZHG9G,233.63
B004IQTV7K,144.72
B00V7L1UD2,169.09
B00SI7A2ZU,87.98
B000YOVISK,135.03
B00B5VJH66,44.02
B01LWICK45,66.52
B000YOP0L6,153.34
B000OUX9GI,214.32
B00SI7AC96,163.5
B000M5YZBI,76.32
B000KSTE9U,79.75
B000YOP0N4,154.85
B000KSR8U2,151.05
B000YOP0O8,47.81
B004WLRABU,154.02
B01C31KVTI,263.22
B000M5YZFY,57.73
B000M5YZHC,57.92
B000M61JYI,50
B000M5WTKW,89.63
B000M61JZM,100.49
B000M5ZW5Q,139.15
B000OUW7CK,72.59
B000OUX9IQ,324.5
B074KFPXBF,217.68
B07D2XKX6V,64.19
B00SI7AJ6M,136.43
B07D2M73JL,78.23
B07D2MTC9T,87.75
B000OUZBTG,182.22
B00A7EU5CM,47.35
B0792QPKWN,870.81
B000OUX9LS,118.33
B000M65P9I,64.63
B000M61VE6,64.63
B000OUZBWI,120.9
B00SXGH1V4,60.54
B00B5VN94W,140.67
B00IIVMBNW,77.93
B00IITSB7Y,163.48
B000YOQVAU,313.37
B00A7EMH82,47.7
B01C31JE3C,89.72
B06ZXS1W6X,149.61
B000OUZBXW,106.07
B000M5WTSY,87.92
B000OUX9PO,150.18
B000OUZBZK,573.59
B000M61KEM,38.58
B004IQR0MS,206.9
B000OUX9SG,57.97
B000OV31L0,91.91
B000OUW7LG,574.99
B0184DJHLM,71.56
B000OUX9V8,81.17
B0184DJIGQ,87.82
B00ILVTXH6,40.58
B00ILVTY3O,40.86
B00H2W2BQK,45.04
B000OV31M4,74.32
B010FH4JCC,152.84
B0012SAYEQ,312.23
B000OUZB9G,34.49
B000OUX94K,47.04
B000OUW6ZI,53.69
B000OUUG9Q,68.33
B000OUW6ZS,95.04
B000RT95N2,154.84
B07QZYQNS5,99.04
B07QXT2FP7,146.67
B07QXT264J,90.48
B000M6077I,571.31
B00H2VVI38,26.89
B000OUW7O8,42.19
B002J8LMEE,96.38
B000M61KKG,213.38
B004IQLZP6,117.86
B004IQLZRY,121.66
B003GZCYB4,96.76
B00RKMUCG8,121.19
B000OUW7SY,78.5
B000M65PM0,148.94
B000OUZC9A,219.69
B003GZB45Q,140.98
B0771KGC51,56.36
B01C7JFCKE,512.73
B07G5RSFNR,62.15
B01B3P71XE,71.56
B07G5VBMST,77.55
B07G5G7G31,99.8
B07G5VXC99,112.73
B07G5G1LLY,117.67
B07G5XJBDX,147.42
B000OUZWRW,92.76
B000OV3M96,134.85
B001AMOJOU,199.95
B002J8LMGM,422.41
B000M5ZWUQ,39.81
B004I6RQFO,153.76
B000OUW7XE,101.7
B00KMKS1L8,36.2
B000OV31Z6,102.65
B000OUW7YS,163.48
B01NCNEK3X,82.12
B01MRZ5SFW,94.47
B01N4FQVSF,131.83
B000OUW806,145.53
B000M5Z03U,173.55
B000OUXA3A,314.33
B000OUXA3K,28.5
B000OUW80Q,41.05
B00SHXBY02,43.71
B07D2N43M8,181.16
B007P6NBEE,77.27
B082L3HDT8,127.94
B008R0NQLK,115.1
B0097TWG70,115.01
B07D2MZ1LK,79.93
B07D2MV2WZ,124.99
B019X13DBE,306.72
B009BAC4J0,124.8
B0097TWG7K,114.06
B00KMKS5QO,74.13
B00J6C2FOM,121.66
B017MPF1P4,207.87
B0184DKAF4,280.19
B074FMXQKQ,123.94
B074FMW7Y7,139.06
B000M5WV3C,76.89
B00ZPIU2R8,149.47
B000OV3NDQ,230.81
B000M5ZXIM,107.4
B001AV18PO,176.79
B007SM39TM,181.95
B00QFRG4Y8,93.14
B00AZABTBY,131.36
B00A7EQF8A,85.73
B00A7EQFNU,89.72
B0013HJJE2,41.34
B000KSPFGQ,75.65
B000Q8V8BG,104.84
B000OUXAAI,67.67
B00A7ER0NO,122.42
B000OV32B4,432.82
B000OUXAEE,644.51
B000M5WUP6,27.84
B00AZABHLQ,137.21
B00A7ERKHK,96.28
B00A7ERL3S,64.63
B01MXZZUCN,69.38
B000M61L4Q,69.09
B0097TWFLM,81.74
B000OUZCSQ,129.08
B000M61L64,207.95
B000M5ZX9Q,183.61
B004I6PZFM,403.38
B004IQ97CY,90.01
B004IQD6EY,202
B010FGULS4,40.58
B010FGUQ02,44.57
B010FGUS8C,39.43
B000OUZCUE,26.41
B000OV32MI,53.12
B073T6Z8V8,120.33
B009USFJH2,109.3
B004RE0ZDC,30.78
B000OV32PA,224.77
B000OUW8ME,370.34
B07WRN8JPV,140.89
B00LGFO2M0,153.97
B00H2W95Y6,1836.3
B00LGFN7H6,3401.47
B0794YJYGJ,173.79
B08H8TKSW9,294.62
B07WNVXSWD,399.95
B07WPTL7ZG,1495.95
B07VB4ZSQY,75.45
B07QZXT3CC,3014.39
B073FH26KJ,167.67
B0091DJWKG,203.43
B073FH11FR,173.25
B07CZRRRWV,949.69
B00BHCKJGU,130.99
B082B8KNDB,495.4
B06XW7PGNS,123.2
B0792M4BHG,40.78
B06Y5K11M6,1057.58
B00JOY84QU,79.2
B00CH3T4Q4,70.49
B01N0FH2K9,239.87
B00HFL1KBU,60.63
B000XMG2S4,68.04
B00HFL1HBS,30.87
B003V5LH7Q,35.81
B0058WKB0E,99.19
B01GQUCJS8,153.26
B00067I5OK,26.4
B00F4CXV6O,83.6
B000MRC72U,74.62
B00HWQ4EVG,34.1
B000XMI1RO,705.53
B0083IAO5M,95.81
B000MBN04K,20.9
B003S7R64A,20.9
B004RH0YZI,23.1
B002JG9K4A,27.27
B0006O4AEM,41.66
B005ENS32A,60.5
B002M3D64A,34.72
B000XLSJP4,28.6
B002NLQCYC,25.3
B002NLNMI6,25.3
B000V4KBDQ,24.27
B003JMJN18,23.76
B00RBG812U,26.4
B00C7YRXRK,55.86
B00C7YR6VI,45.64
B000EW537Y,45.64
B002XUL0MW,48.17
B002XUL1OY,152.56
B01213WZ3S,100.14
B01FC74RGS,30
B007INTEMC,83
B07CZRZ49S,506
B073H3SCT1,111
B077NVVJG3,95.76
B07GB4WQ83,116.29
B0076PAZHA,84.98
B07CZRJTLN,206.83
B003V5KWUY,56.5
B003V5KKBA,103.35
B000I1TA5C,51.88
B077NXML7H,161.5
B01HR2JIM4,103.28
B01N0LR29B,234.3
B07D2TK35X,126.54
B07D2LYH7J,101.9
B077NV59SJ,147.17
B0066PHY0C,49.42
B009T9CNSA,175.85
B07VD9DDK4,128.02
B01HR2PT4A,114.9
B002L93DJI,231.96
B004616MZQ,784.38
B000KL2JAI,181.5
B000KKXOQC,232.1
B00461ATL4,267.3
B001F7VJSE,255.2
B00461ATRS,176
B004618UI8,211.61
B004616R6U,242
B0013COVUO,246.79
B001F7VJIO,261.8
B000KL2IYK,981.1
B000JXPF12,255
B01N67GKDQ,431.11
B002YKC2DC,38.49
B000K664TU,54.86
B07CZ385Q5,415.85
B000JHZ69O,132.38
B000I0XSQ0,153.85
B07D2MNKF4,138.94
B07CZ3F2PP,253.29
B000YOQVSM,85.92
B000YOQVSW,124.75
B07GL1WLGP,148.8
B07D2M81V1,93.75
B07GLBWVJD,103.33
B000OQHR1U,799.9
B000OQHR9W,331.45
B07C84F687,262
B07V9XTXZY,168
B00063Z82Q,56.49
B00004SBD2,53.84
B000EYMD8E,80.66
B0000BYDYD,56.9
B00004SBD8,62.86
B005GPFTOG,65.31
B00004SBD6,64.58
B000189GQK,48.21
B000189GOC,54.24
B00820LOUU,65.2
B00004SBCX,122.03
B0002FT6H6,36.34
B0014FGUYU,67.89
B001BPYPFE,51.49
B001B5VH0U,67.76
B000GHWDXE,52.41
B00065TGQI,62.03
B008HVU3PG,71.45
B0057UMN3A,106.7
B002FCG9H4,71.08
B001D8LFWU,30.51
B00004SBDJ,46.76
B00D3QPFAS,66.64
B00D45EOK0,71.5
B00I51X59Y,73.7
B00EB06EUA,30.45
B000NOXDTS,45.89
B077QTZ5TS,73
B017GQJDN0,77.95
B019WA72IG,189.95
B017Y7P6T6,299.95
B000TRLKU8,359.85
B0792J2JTV,1114.34
B0792N426X,159.67
B007NVP252,421.91
B07CZRRC8X,415.65
B07CZRLF7Y,376.62
B002YKAVW6,230.52
B00BHCFP0K,125.19
B007T9O62I,85.15
B00BHCFNX4,68.23
B077QTYSJ4,83.6
B00FS50IJU,61.93
B00BHCFOG0,76.61
B0093NASF2,52.72
B009AXGCSC,255.44
B004EVO0CA,129.06
B0015SA8OO,255.32
B0015SD1FC,261.9
B007P220OA,280.53
B07BZV4QLZ,174.39
B07BZT5KWX,378.24
B002Q8372W,208.04
B0045CSMP4,302.43
B073WKZT95,205.98
B00TE9CPYW,268.45
B002SW3S1G,306.07
B00LC65RVS,941.15
B01E93OJOG,192.09
B01F78W0WU,221.82
B0002SRMZ6,173.42
B002T1G1AQ,183.63
B00166KW9Q,389.66
B00DOADGEK,339.87
B000NOX2T4,1504.8
B078BKP5XV,579.24
B01N0KXR1F,743.76
B01NBKO91O,171.6
B000NOX2UI,173.91
B07BTPNRRM,2445.17
B07BTRGPBN,3073.73
B0038D5WC2,405.7
B0014DDIMY,703.27
B07BTPWMCN,7602.98
B0014FGTNW,147.58
B07CM3JXY6,163.86
B078BJ5P5C,878.08
B0002SRNQ4,148.83
B003L77XX6,50
B00BK771V8,89.1
B00BK771TK,88.94
B00BK772A8,99.47
B00BK7728U,111.97
B00BK7729Y,111.97
B00BK7729E,125.47
B07CSKCLRR,179.24
B071FSKDZD,156.3
B07D5S3JZL,189.72
B003V4AZXY,286.09
B004V70RMY,149.95
B07CM6T3R6,326.7
B07CM6BMMT,240.9
B002SNA55C,543
B00ZAQ9RWQ,213
B00JOZI4AK,722
B00BK771S6,795
B000KSPDPE,310
B0002SROOU,186
B00HDRRD2G,49.5
B000IHQXN8,146
B01LEXSIOQ,147.1
B01LEXSQVQ,46.2
B06XVDFMR1,78.2
B00JHKZ7UM,31.9
B00VX0CLX0,35.71
B077T8RXSL,44.91
B00FRLBF4M,24.2
B00GLWKGDW,24.2
B005OH0ITM,47.15
B07GBSLVKZ,124.14
B07GBSRNH8,42.85
B007S8LZ6A,45.68
B00VX0CSKG,47.98
B006VMXMJ2,36.77
B006VMXMP6,36.77
B006VMXMQK,36.77
B009VI9P3A,35.2
B07MDHFLX6,91.88
B00PISL328,23.1
B083TLVH74,88.07
B00GLWVCKI,31.9
B07GBSRJC7,37.86
B081W63224,50
B081W5RDPS,100.1
B004X4Z6XK,147.22
B00JNVB434,25.12
B01BWYUUZW,25.12
B00JNVBT5M,29.37
B00IYTFLU8,166.64
B019MN7LMA,338.69
B07SK57Z37,356.01
B005OH0KTA,139.46
B012UTSTT2,35.02
B00X414CVU,32.96
B012UTZGZW,38.21
B072KSJNT8,177.98
B00KI4XPU0,39
B002INPD8Q,27.21
B002INZKGG,24.2
B002INZJE4,24.2
B002INQL0A,24.2
B002INSTHI,24.2
B00N3YRUDA,39.6
B07GBDQH9Y,90
B000GKEXOS,73
B004X4Z5G8,126
B00AZJYEZ8,34
B005B4NBFG,68
B0795Y49SQ,381.12
B0183RLVSQ,311
B0092RUPXO,211
B00FL2SOXW,425
B0769XWVCZ,553.55
B000ED8UOG,102.17
B00EP8733K,819
B001VXYEUC,351.56
B001VXWEUY,314.23
B000R6XO1O,69.44
B0011WT4PI,67.81
B004BFFVWM,38.98
B004BFFVZ4,37.05
B004ETU4ZY,41.87
B004ETRUNS,42.47
B008AWHLOS,35.32
B004BFDYN0,29.06
B004ETQ0OS,38.07
B004ETRULU,33.06
B004BFFVYK,30.62
B00JFXXXGQ,37.57
B00JFXYPQS,48.73
B07SQ8C3Y7,143.21
B002TYZMNA,51.5
B0043YHDVS,57.23
B0043YHDS6,69.84
B0043YFVVM,78.14
B0043YKZHM,109.55
B00372TEQE,2592.34
B07SFMCPPZ,609.94
B01EJDSW5S,289.73
B00FABN2UE,117
B002SSDUOA,139.67
B003TO9XG6,156.42
B01MTW9H6E,47.37
B06XCX6DVJ,53.19
B06XC7TW71,136.43
B0019CL3KY,70.91
B002S0VGJO,79.66
B01N24JO3U,90.19
B002YK711K,161.03
B000FN5GSI,70.19
B00063UZW4,127.67
B00KHC62HQ,36.54
B073FLC246,65.27
B00HNSSWQQ,35.62
B078X1MYHB,187.7
B0013GO6G4,77.77
B0014DINME,119.97
B000JFJLI8,167.01
B004KE6236,172.58
B01N6BVH11,27.5
B07V9WJZNF,84.07
B082VK1RR9,293.38
B0751JBZHW,111
B07Q2MZSYH,38
B078BHW74X,1783
B000M7LFKK,56.24
B008B2AA9U,114.82
B01HR2Q1CE,63.46
B00GDJ7B4K,72.07
B0021UL1ZK,174.07
B0122YRFHM,71.9
B005GZM3KY,131.23
B0021UP5KW,156.05
B003TSOQY6,46.86
B0872HH9WT,101.29
B004IQ904E,119.55
B007QV59BQ,112.73
B00AZA9JJI,121.81
B004IQHJR4,127.75
B00K8WO768,31.1
B012OE1OPE,46.06
B007QV5GEQ,48.1
B007QV5I8K,45.35
B07N2TQB2D,26.4
B07CZT24VH,116.7
B07CZSCLH4,116.7
B077NWQKHN,106.25
B07JMSJ9RV,106.25
B07JXK9QFJ,106.25
B07961S5R2,98.59
B0021UP5KW,149
B007QV0G1O,77.78
B002XMTYV4,93.09
B000K1DX1C,425.7
B000FKBZFO,164.99
B000IZ9FD0,322.3
B00063Y4XA,95
B000FLUCQG,43
B0091AAB5Y,77
B00B5HIIHE,96.01
B00B5HIJ32,72.6
B00B5HIKIG,89.73
B00B5HIMNE,97.73
B001C7P7IK,624.81
B002QN658A,152.35
B00B5HIP86,42.95
B0014DKLSS,111.38
B07SXDJZ66,59.75
B00AAR2SYE,219.89
B002Z312FM,124.25
B002Z312FW,255.03
B0015PI4PC,46.87
B07V8L4D1K,71.5
B000I0ZRLO,164.66
B00B5HQ9HK,239
B0016ARXLM,55.97
B0016AJC3E,72.99
B01N9JDIO3,165.87
B00JBVXCOK,169.95
B000UZ17FC,394.9
B0009QX36S,407
B0009QX35O,380.6
B0009QX36I,423.5
B000UYX38C,521.4
B01FGSWCT2,91.67
B01FGSWCT2,46.2
B07311TMTQ,51
B07311V7M7,64
B072ZZJLSL,64
B07311G595,63
B07G9T9H4R,657.8
B083S7GL3Z,72.95
B01NBLM8A3,83.92
B000GTO2RW,178.95
B00GNO6Q5U,223.28
B00061SJ4W,72.9
B00061SJ5Q,94.95
B0002P23MG,84.5
B07V7GS5PB,144.95
B003TSS4I0,114.95
B0761VL6W7,193.95
B000NK082W,138.95
B000YOULKQ,277.95
B0015PK6QW,331.95
B000XQ2SZG,134.85
B0002SRASK,229.95
B000VS92QY,175.95
B0002SRB5W,297.95
B000XQ3OE0,223.95
B00061SJPG,92.45
B00061SJQU,133.95
B000XQ5JSE,216.95
B00061SJU6,247.95
B00063USDA,279.95
B0761T316W,185.95
B003TOFNDS,166.95
B0021UPAOS,139.57
B0021UPAZW,173.95
B01NBLZS42,103.95
B002YKEVZO,973.95
B000HT4ML2,293.95
B0029XKZKG,344.95
B000KSTDDM,151.95
B0761SBV7J,442.95
B000XW6AXG,52
B000KL2PMK,203.95
B000CO7VCO,41.88
B000CO9NSY,35
B000M93OUM,88.75
B000NOYRMA,54.88
B000CO9NTI,30.8
B0002SRK2Q,29.7
B0002RNYAY,56.74
B000TQ4VWI,33.01
B000JFN9MM,61.8
B0002RPROK,47.31
B0002SQYBO,28.6
B0002SQW8Y,82.97
B0002STSBC,42.33
B000RH4HKK,75.45
B0002NYDYE,66.02
B0002TKCQQ,33.13
B00HDS01BA,30.8
B0012S616Q,56.97
B000COBUXA,46.7
B00002N5MR,65
B0002S7GNY,39.88
B000CODEA2,38.29
B002YKLTI6,29.82
B000NP2S5W,300.87
B003QHU9AK,35.31
B000RH399U,96.88
B0006SNFLW,64.33
B000RLJABW,46.2
B000I1G0YQ,76.05
B003U459B8,677.1
B00C3IT9IQ,53.34
B0017RCJZ4,53.23
B000NICEQC,151.4
B003V5E3FE,30.8
B000VFLZ2G,48.22
B0014ZVSKG,49.69
B002YK7G24,35.5
B001F0QJ4U,39.9
B004RCSEI2,43.58
B002YKH4A8,32.56
B007TMF01G,41.88
B000VFR17E,42.57
B002YKBE7C,34.1
B0014ZXTW6,49.69
B000VFNPQU,31.9
B005STSS5W,35.86
B004TEINAW,34.1
B007TMF7IC,34.1
B00ERCB1GY,40.71
B002YK9L22,29.7
B002YK9L4A,41.31
B000O3KC1A,44.67
B007QV323S,24.2
B000LVBGME,31.8
B002YKH5R0,32.49
B0056BS424,29.5
B009F6OHGI,28.88
B002YKF2X4,39.34
B009F6OI3A,25.3
B004PSZJPO,39.35
B007QV23CE,26.4
B009F6OI6W,30.67
B002YKH688,36.08
B0056BS4PQ,31.22
B007QV3490,27.04
B000M94U1Y,27.04
B0056BS58M,25.75
B000L7OYWW,31.53
B000L7K8Q8,36.03
B002YKBGW0,29.49
B004RCSHTS,29.49
B002YKH6MO,29.49
B009F6OITO,28.89
B004RCWT8S,29.49
B002YKBH0Q,29.49
B009F6OJES,28.89
B004RCQOR0,29.49
B007QV5BSW,29.49
B007QV533U,43.43
B002YK7ITK,26.4
B003V5FWAO,28.14
B007TMI4V4,32.12
B007TMA4X0,32.69
B007TMA6YW,33.21
B002YKF7W0,54.49
B002YKBLCA,38.92
B001LDJD4E,36.3
B002YKBM3I,36.3
B002YK9SNO,40.88
B00LH7DM14,69.3
B002YK9U1O,38.5
B002YKHDJK,43.36
B002YKFB58,57.79
B002YKFBBC,38.5
B002YKBOOU,43.36
B005STSHVC,28.94
B006QKUNVE,29.05
B002YK7RVY,29.38
B005STSJLU,29.49
B005STSKKK,31.69
B009F6OK24,33.95
B007A5VOLM,31.69
B009F6OKO2,30.89
B00HDSHFOQ,31.69
B009F6OKNI,30.89
B003V5HLYO,31.69
B009F6OKNS,30.89
B009F6OKME,30.89
B009F6OKMO,31.24
B003V5FX08,28.6
B009F6OL8W,32.37
B005LBNW8U,29.11
B000O3IJFQ,29.32
B000O3LWZA,33.07
B000L7ODW8,39.18
B002YK9X8O,29.43
B000L7MCGW,29.43
B002YKFDOC,29.49
B003OADRZ8,29.49
B002YKBR9M,31.83
B009F6OLX2,31.01
B003OAKRBA,34.44
B002V08QC6,42.44
B009F6OLYQ,31.01
B009F6OML8,31.01
B003OADT9C,31.82
B009F6OMKO,31.01
B002BHZCH6,31.83
B009F6OMKY,31.01
B003OAMPEW,32.04
B009F6OMLS,31.24
B003OAKST6,32.33
B003OAHTOI,32.33
B005LBNW80,32.33
B005HXLJJQ,44.18
B009F6ON58,32.23
B007QV1X6G,26.4
B007QV1RWQ,44.97
B007QV1R62,40
B007QV8PGC,34.56
B005LBNWAS,34.23
B002YKA0KO,34.78
B006QKULJ8,46.53
B005STS41K,35.22
B0056BRWKE,41.46
B002YKHKBG,36.08
B002YKA33S,29.21
B002YKDGD2,29.21
B002YKHN9K,30.06
B003QHR0LG,30.06
B002YK7ZAC,34.02
B002YKDHJK,30.99
B004PSXOAG,29.7
B00HDSPAN4,30.8
B004PSZAR6,37.32
B002YKHROG,26.4
B002YKHTL2,31.13
B002YKHW2I,37.31
B007TMEO1I,28.6
B007QV0RWW,31.85
B007QV0PL0,30.13
B007QV0P1U,30.13
B007QV0NXU,26.4
B00XCVDD94,48.13
B000O3KDPA,47.17
B001M0O18Y,130.55
B007QV39A4,41.36
B007TMFZS4,42.87
B06XCR8RF3,156.77
B005LDF57E,33.3
B002YKFYF0,41.82
B004PT381U,37.52
B002YKLA8U,35.2
B002YKG0O4,45.39
B003DZ0PJU,45.39
B004TEHC36,35.2
B000NI92QW,365.38
B0186NLIP8,35.19
B007QV9K6G,31.37
B007QV9J5S,32.47
B007QV9HA0,46.07
B003YNDI2M,31.03
B007QV9CP0,37.15
B003DA5PXG,42.44
B00CDCANHS,38.26
B007QV8YYK,38.26
B007QV8XFK,34.1
B003L1ZZWS,39.81
B00T3MBXXO,47.43
B000NIEFF0,60.95
B07T86B615,77.65
B009OC8LWO,69.11
B001M0O19S,63.16
B002YKG242,30.87
B007QV8OF4,32.05
B003DA5PYU,39.37
B002V08SB0,40.49
B007QV8L48,28.6
B00A1C126I,40.29
B07TBBKQXZ,188.17
B009OC8NSQ,160.17
B009PJPL6A,158.98
B07SQHCS53,142.4
B07SSJ6QMN,178.32
B07T86BGB1,142.59
B07T99NMBQ,109.11
B07TGLBX38,120.59
B001M0O1B6,78.42
B009OCB2Z2,37.46
B07SRKRF7V,236.5
B002YKE16S,30.26
B003V5CKIQ,35.54
B007QV7SYW,50.52
B00HDSN8ZQ,51.03
B003DA5N5Q,40.62
B0015011G6,43.04
B0014ZYYPM,49.42
B078Z38NYQ,122.12
B00HDSSJKU,44.01
B00OL2X7RQ,160.66
B00OL2X8JS,228.68
B07STK595H,183.05
B007TMD6NA,37.72
B01N537H1O,83.03
B07SQHCX5S,116.97
B007QV77JS,31.9
B003DA5N60,44.24
B0014ZVSJC,48.93
B002YKJ8ZW,33.4
B002YKJ92E,36.33
B00X8PLM1U,130.09
B007TMDV8U,38.01
B003DA5Q0S,39.93
B002YKI7ZE,41.71
B003DA5Q1W,39.37
B0014ZXTSA,46.01
B0014ZVSP6,52.81
B002YKE37K,45.05
B000VFK60S,46.48
B000VFM1A6,54.75
B002YKN8TY,43.62
B000VFNRWW,68.54
B0014ZXUN4,62.47
B004RCSQNA,38.98
B002IBIMBS,40.39
B000VFR3FE,44.2
B002IBGXUU,41.14
B002IBD7BI,42.97
B003L1ZZX2,44.03
B003L1ZZXC,42.36
B0014ZYYOI,47.14
B0014ZYYPC,49.41
B0014ZXTXK,45.1
B0014ZXU0M,51.93
B0015011XO,55.28
B0015011GG,49.14
B0014ZXUDE,51.7
B001M0O1GQ,70.93
B001M0O1H0,79.07
B00ILVVNUQ,30.39
B00T3M96ME,29.34
B00SI7K9SU,26.4
B00OAVWJWW,40.85
B00HDTG2FS,33.4
B000K1OH94,206.18
B000NIAK1S,72.6
B00EJJKC6U,46.68
B00EJJKH7Y,54.42
B0014ZXWP0,69.61
B0012S99ZQ,131.75
B001M0O1M0,116.79
B00ECXARZO,57.92
B00NQIPQNO,62.8
B0015015H6,150.08
B00UM5ZAXU,50.05
B0056BSN16,59.57
B006UJWM0G,77.85
B004RH2LC2,37.16
B008QEKP9I,34.68
B008QEL20O,37.04
B00HDU9V3W,31.9
B00HDRU3OG,29.7
B0056BQ21E,52.8
B07HFS72VJ,62.7
B07HFW9G1M,62.7
B078Z3DJ7V,100.1
B00MZ69DHI,88.87
B002MQGENM,60.59
B00C3IZ3I6,39.23
B00J9RYIXK,42.9
B00IELMUSC,47.5
B007QV33ZA,31.9
B00UM636LW,25.3
B00UM62W1M,25.3
B00UM633LA,37.8
B00UM63CX4,28.47
B00XKDALFI,45.84
B00UM64DY6,28.91
B00UM65SZY,34.93
B01MRIC3T7,32.77
B00UM66EX4,43.59
B00UM66M5Y,33.88
B00UM66L00,45.79
B00UM66POM,35.18
B01CDJ5N66,49.5
B01CDJ5YW4,71.35
B009TC7ZAI,35.97
B01CDJ67Y8,65.7
B003MWNC1M,77.59
B01CDJ5NPC,56.69
B00UM68UYA,162.63
B06XCF2M4X,97.9
B07QZCMBHG,192.38
B01HR2AAC6,277.37
B01HR2BLKQ,303.6
B01CDJ5BTA,240.18
B07HFSJRST,214.18
B07HFTG3W6,223.18
B07HFVFYY8,277.54
B002NF5CP8,53.17
B002V037SY,53.9
B003UDY4L0,56.1
B003UE1H4G,76.6
B003RR5SE6,91.88
B000VFNSMQ,80.4
B002MY1HWC,89.66
B002MXQDSG,88
B0069GJNE8,98.27
B0069GJOIS,100
B06XCJVCLR,110.44
B06XCD86JY,113.17
B06XN5RFQP,136.08
B00KQ4M7BK,78.1
B00KQ4MEPE,88.98
B00KQ4MY72,73.77
B009PJPMSW,148.54
B00AR73HVA,135.54
B000HBAHNC,155.01
B0002NYDC6,70.75
B0002NYDCG,54.07
B0002NYDCQ,55.94
B0002NYDD0,58.86
B0002NYDDK,64.76
B000HBC79E,63.55
B0002NYCZO,74.36
B0002NYDEE,46.34
B0002NYDEY,53.79
B0002NYDFS,59.41
B000HBC75S,152
B000HBDW48,242
B078Z3RLHB,143
B078Z344L8,203
B078Z3DKYN,274
B078Z31KB2,294
B000NICF70,108
B00HDTATKW,558
B00BTEXVCK,71
B00BTEXPDK,207
B00E3IGM7U,99
B07T86BH4F,104
B078Z2R432,125
B078Z3JGB4,75
B078Z3SW33,116
B00UM68EM8,155
B07HFW9G1N,205
B00JO0UQTC,142
B0009RLPT4,112
B0002NYD26,112
B077BMCZK8,45.66
B077BK614P,45.66
B00MOAKE1E,41.3
B00MOAKQB2,39.29
B077BSSKPY,36.3
B077BHQNNK,42.03
B077BJ9Z7S,42.03
B077BFGB28,42.03
B00MOAOO8S,47.53
B077BFFC2P,36.3
B077BD1GD6,42.03
B077BK1NY4,42.03
B077BHQNNJ,42.03
B00LY78N8E,31.91
B07JGQFCMV,37
B005WFZ42C,756.37
B07GZGM7HR,1599.6
B002FK0ST6,41.95
B07QK6L73Q,326.95
B07QN83FC6,96.22
B07QQGYND3,141.94
B07WMTL95Y,269.5
B07WJYRDQD,311.96
B01NBMDTSP,2764.23
B0040U017S,30.8
B000GI0G4G,24.2
B000VYBES2,36
B001L68JCI,36.3
B00JP1G360,68.73
B001KVLXAO,89.1
B000K1C6AQ,34.76
B001BQ4BPM,34.1
B00JNZLQJW,38.5
B000FMM5IS,50.44
B0195UQEXM,45.1
B000GAV35K,51.7
B000GATJ9M,51.7
B000JD4OJG,27.57
B000TRLA58,26.4
B000K1FZRM,29.14
B000GTOTZW,31.3
B000GATGRC,36.44
B000UE8Z9E,34.73
B000FMQBLA,36.44
B000K1E42Y,38.97
B000GTQTVY,37.11
B00FQ5BBFM,45.1
B00FQ5B846,28.6
B00IOX5RGC,35.2
B002M8Z5C6,27.5
B00C3JDFAI,68.34
B0026GQWTO,31.9
B00206UFES,31.9
B0195UOZ1U,31.9
B0026GOWMS,31.9
B002C7EGB8,27.97
B002C7CBB0,34.02
B002C7CCFA,24.2
B0006NF5DI,23.1
B001BZE0Q8,24.2
B0006NF5HY,25.93
B0006NF5JC,24.2
B0006NF5LU,27.47
B0006NF5MO,27.12
B0006NF5N8,27.12
B0006NF5O2,25.82
B0006NF5OM,27.12
B0006NF5P6,24.2
B0006NF5PQ,27.12
B0006NF5QA,24.2
B0006NF5QU,24.2
B0026GHS24,27.47
B01BH7CQT2,36.84
B00004YOB2,31.49
B00004YOB3,26.29
B00004YOB4,26.4
B00004YOB5,26.91
B00004YOB6,28.35
B00004YOB8,23.1
B000FLSBVY,33
B005ENUDLE,26.91
B002FCJWRI,28.06
B005ENWFA6,28.06
B000TRQEY0,28.06
B000GTOVIM,26.73
B0015UXIOE,35.81
B0006NF55Q,25.3
B000K1E5FU,33.4
B000FL9BQS,27.05
B0006NF60K,29.68
B004GZAF2I,34.1
B0195UUXGG,35.2
B000FPDG9C,34.03
B000RZMDFI,27.59
B0009F86GQ,27.42
B000FL5NJM,31.04
B00062BRU4,32.26
B000GASAOM,28.75
B0002YWFAC,28.69
B001D1J6CS,28.69
B000GI0FQ0,31.08
B0002YWFTI,29.6
B0778N95MQ,30.65
B000FL1ZEE,32.19
B000FMQ2KK,33
B000GAUZJU,33
B000FL9D4I,45.35
B005ENY0J0,39.03
B004GZA6YA,44.07
B000GAS7FO,44.08
B0002JT0WI,27.94
B0002JT0WS,28.06
B000GAS7MC,33.67
B000KKWUSA,29.05
B0002JT0XC,29.33
B0002JT0XM,29.08
B001D1DTQ2,32.6
B004HMH2OE,30.78
B0002JT0XW,31.42
B0002JT0Y6,34.21
B000FL9D1Q,32.05
B0002JT0YQ,33.74
B0002JT0Z0,33.75
B001D1DTQM,36.61
B0002JT0ZU,29.21
B00063XIPA,659.95
B000WZYIFG,476.95
B00063VA96,470.95
B005MVB3KI,277.95
B00EQ9AME0,266.95
B005MVB3OO,278.95
B002P7JBYW,304.7
B001HWC10C,676.5
B001HWDMDW,177.69
B004I8556Y,95.5
B0186NF8Z4,930.21
B00AZA2YIG,35.86
B003969LSE,48.55
B008MFQY5K,41.99
B003969LUW,71.5
B01G0NUEAQ,56.67
B01G0NU8F2,47.67
B0186NFA4I,55.11
B00X63HHH2,54.32
B007QV79M8,48.55
B0161E4RCK,279.43
B000JFL7TY,92.75
B000K1CCBE,51.7
B000TQ2Y0O,63.23
B000RFINY8,150.09
B003YNB9T6,63.4
B00FABSY6Q,66.54
B00YV93KSA,67.44
B07QWVCCTN,237.11
B073FJ5NVL,268.41
B000M9OL5O,105.08
B0021UPJ0S,52.14
B007TMABVA,44.11
B002A6LZ38,319.68
B002Z3117Q,55.17
B00JNZPGPM,96.53
B009TC9QJ6,63.7
B075KVKHNM,70.05
B009PJPI5E,69.63
B01508WGDU,72.75
B009TC6B08,37.3
B075KN86YT,49.21
B0120XWXF4,47.72
B01F78V6WU,220.7
B075KQ2P7V,69.63
B00CQ66H5I,69.63
B00AA5IUVQ,99.71
B016DRNKFA,1547.95
B000E60TR4,182
B0872JZ9PF,236
B087PKL6GK,256
B003V9P6RO,463
B07XQK9P8N,206
B08LK12GCS,487
B000E25LSK,275
B0000AX9R2,172
B00004XOSP,369
B002Z2Z98O,506
B00004XOT5,182
B07SJHTZLC,194
B00381TFV8,381
B08KSCZVR3,231
B005MVB506,245
B000E23HMC,302
B00WJ0MMFK,625
B07SBK51SW,52
B07L1MJ4Z6,626
B003969MJ2,208.09
B000E0TC82,82.78
B0186JW4T6,87.48
B0872J4SRM,236.38
B003UM8VV0,489.47
B007TMCD0W,52.8
B000WN04UG,54.67
B071FG4XPW,51.21
B00LV9Y730,582.01
B000WN274W,40.7
B008JYRDFE,147.62
B013VNE7GA,195.38
B0002STSP8,132.1
B000E21D4G,173.61
B01N0K80U0,57.63
B000E21D4Q,282.04
B018F425WI,206.8
B00VX0O4NK,350.9
B00BRUUGWY,334.4
B01N9BOL37,1263.7
B00FTGIIAY,241.47
B00BMD3AXI,404.49
B074P73B6N,174.46
B00FTGIYDU,262.6
B01HRV7674,687.96
B01HRV78BI,687.93
B07L1LXQKS,869.2
B005XUHGRC,68.2
B005XUHIVG,36.3
B01FW6NEEU,50.6
B07TV7XC4B,53.9
B0001LQW5U,41.26
B000HB35AE,47.53
B00279JK6C,40.64
B000HB35BI,44.94
B00004Z0A5,48.72
B0000CCXVQ,23.1
B0000EI9AU,47.59
B00BRGK8XU,34.1
B000WZWCK4,30.98
B000FNMGTA,26.93
B004GZFMDA,29.59
B000WZWCL8,29.12
B004GZ9UBA,28.6
B002JEX5MK,33.9
B002YKJ3CU,35.9
B002FCVQOK,53.76
B002JFT8CA,40.18
B002BYDY5G,22
B0002UKV48,23.1
B0002UKV5C,44
B0052EBNQO,42.9
B0042U88O4,24.2
B0042U9OOM,27.5
B00270IM92,36.3
B0025PQ6S8,36.3
B002709S6I,36.3
B002YKCND6,36.3
B0195V58DI,37.4
B00270IMJ2,41.8
B000SFLF3I,29.11
B000629094,31.28
B000SFFYSK,26.84
B000RAYCCU,26.6
B001CK4OUO,28.14
B000BOAFFA,20.9
B001BP42WU,28.75
B003V5C7OS,32.76
B000BO6DOC,33.22
B002SAK17C,33.75
B0013URI2E,34.97
B00BRGKB5K,24.2
B001D1L0A4,34.86
B000BOB3HO,29.7
B00004YO8L,26.5
B000GAT9CY,92.4
B0002VFFUW,105.6
B000KKQV0S,32.08
B004RIGERY,25.54
B0026KNG26,32.76
B000UVLB16,25
B000X00CUU,63.95
B009MQTT9Q,33.95
B00LAVZXHS,98
B00LAVZXLY,98
B081K66WJK,855.03
B005ADX1SK,49.62
B00JF5KME0,68.37
B00GMCIFSY,675.62
B0030T1CEG,564.36
B005ADXCXO,575.99
B003BOLERK,491.68
B07MP5MDS4,132.1
B07MDGTTGW,49.5
B08FF6K5YH,65.95
B07929HNCS,255.23
B08FF6SJ1X,50.6
B08FF6NTVK,55
B08FF65S3M,80.3
B00IX6WA6K,74.8
B000GPGOIQ,98.42
B07V9JQ3YH,41.73
B000MIWLXO,95.91
B002EY97G8,89.41
B004IQ93MS,124.92
B000J1SQQA,122.1
B00BI2O6UO,305.8
B002YKBPXA,33.89
B000J1SQUG,167.2
B015NDMBWS,53.9
B0184LKECK,53.9
B000J1Y2YU,1175.99
B000J1AT10,68
B084P6BSQW,45
B006817MQK,554.41
B07GQ2Y1MN,45.1
B07S15V7HV,84.45
B00093D4ME,31.9
B0002RI9AY,69.3
B0000302WZ,94.6
B0000302WQ,85.8
B000F0PFSW,90.2
B07DJ665ZK,101.33
B07Q6C4FNL,80.3
B0001D9J08,168.83
B005EXNT38,309.58
B01LWMEPYC,62.53
B003UHUDHK,76.44
B005EXO6V2,67.04
B005EXO716,93.97
B000SOSC4Y,111.17
B005EXO8AG,152.42
B001MROI2Q,112.24
B005EXO8WY,84.7
B005EXO96Y,130.9
B002Z38KDY,76.36
B001DUT5SO,94.27
B000K1LPPS,78.72
B00820M364,133.18
B0048F601Q,74.8
B00ID7CY6K,135.02
B00V3B6UCM,270.89
B01I3H6QXG,219.27
B000X4J2H0,79.52
B000X4J2IY,165.94
B000FMQ2N2,207.59
B000X4KPOY,128.26
B005EXPNWI,152.9
B005EXQ4F8,88.66
B074PLCHP8,126.06
B008KFKK7U,155
B004HSI544,142
B004HSCN6K,237
B00G6KW8QW,166.38
B00G6KX56E,190.53
B07TV7Z9RG,87.68
B07TT7CX9H,88.13
B07TT7D889,92.38
B07TS412D1,121.14
B000RTB3KU,37.08
B019AB9VF4,56.45
B01N0K87RO,54.91
B019ABOY92,57.28
B00DTVDZQ8,52.22
B00DTVB09C,55.24
B019ACZ13Y,63.64
B00ILWVA9O,56.86
B00SI7K4HQ,37.4
B073WLWYYJ,56
B00Y53B8AO,122.23
B00Y53B7B4,134.66
B007TMEXTQ,57.82
B000XJ5KZS,81.4
B07QLZN7Z2,105.87
B0079GQKDE,90.9
B002YKRRDW,81.4
B002YKMC9G,44.06
B00JO0XSCE,80.54
B007QM4S9E,35.2
B007QV6OWE,35.2
B007QV6RJY,42.9
B007QV6RZI,42.9
B002YKMCDW,30.34
B000P72C90,36.3
B007QV5GH8,86.5
B076BWP3VC,55.39
B076BTD4VM,58.3
B07CZ1RQ7J,84.54
B078BHF66T,178.43
B00SQ42ASM,161.52
B003QHQEPE,153.04
B00E07TO88,41.8
B009RY2U30,177.08
B00CDD8VBM,110.03
B00Y53B9VM,69.15
B000BHJ4UO,174.37
B000FMLYLM,84.05
B002XMUAQC,569.74
B01443ZB0C,155.1
B07VFD7G2J,153
B07V2P6QS1,291
B00G5D6ZDW,218.9
B00FLL16HO,92.4
B01MTAQKR1,79.95
B00KWB2TH4,47.3
B003V5G4D8,94.62
B00U3VZ2Z4,50.35
B000HE6KZ8,25.68
B004Q4V4J2,34.1
B01GP27626,28.6
B003V5JI5E,54.54
B00P74IE3E,38.5
B07D2MTMHM,49.5
B0042UG5JY,141.9
B07ND4F4NY,91.41
B07ND5DF6H,103.59
B00J5PVHS0,35.2
B0094X1YQI,27.5
B01N9PSPXE,22
B00YTMF2YY,613
B0000V1DLO,50.43
B002KS31WY,26.4
B003JBJF80,152.9
B00EAO7UF0,74.03
B0013NUUJE,81.05
B0013NUUL2,74.03
B00QW2N2KU,74.03
B000AYHGKS,93.1
B000MIRF0S,87.95
B0002NYDZ8,90.96
B000K2L02A,30.82
B000K2N4CO,32.12
B0002SR0SK,99
B01KK1Q1AG,125.4
B007XZ8YIU,169.4
B001HVFOL6,94.43
B004W1WH2C,394.09
B085W5FMPP,219.95
B002YKILRI,146.87
B0014SS7S4,171.6
B00N4TAFSG,107.88
B00KS6CMWK,149.48
B07D2LQNCT,509.02
B07D2M13NS,510.57
B000KJ47MI,696.03
B001HWEA60,30.15
B001HWAXWK,30.06
B000OCKJW8,150.37
B0029ZTYC4,38.81
B000VXEVGU,50.6
B000M5ZB8E,45.61
B0002SR7QA,69.83
B000HZOGBC,151.49
B004RI9A0M,41.8
B00KNC4TBG,44
B000P70QKC,41.76
B000P72CF4,59.29
B0000AXDBT,53.63
B000G72TR4,28.6
B000VNAFGA,79.2
B000HZJCTS,67
B000CO87ZE,28.56
B000CO880S,28.18
B06XB2KZST,42.91
B06XB2LF4D,30.03
B0009OR94C,59.47
B0002NYB6O,52.39
B0002KPY1I,30.37
B0009OR960,61.47
B0002KPY2M,56.96
B07JWVWLH1,90.32
B0002SR27Y,36.15
B0002SR2RY,38.26
B07NX6MNNX,115.86
B0041DODDC,34.75
B002AELMUG,29.05
B00HZNTCSG,113.96
B07NWBRV5S,109.3
B000P0TZII,55.58
B00JO0VQ3C,22
B00DTVCPWS,29.3
B0009OMY9M,37.97
B00ATZY6FG,390.45
B0002STSFS,42.87
B000VHZHOQ,65.44
B002YKO8MA,31.11
B0009OR9AG,53.12
B0002SR4RM,50
B00IXMA1RY,43.54
B0002SRF5S,78.67
B0009OR93I,48.66
B002YKTZTG,22
B000P0ZJVU,23.1
B002YKU09K,30.6
B002YKU0AO,25.34
B0019CL4AI,139.49
B0002NYB78,26.42
B000KKJROU,57.2
B0002SREPO,60.81
B000FN7JE2,76.37
B0009OR8V6,85.12
B0002SQU9K,29.93
B0002SQUTU,93.75
B0002NYBX2,26.59
B0002NYBZK,55.34
B0009OR99M,24.2
B000P0XLYM,25.3
B000P0TZ60,33.35
B000P0TZ7Y,25.3
B000LWA3OA,74.69
B005GLQCKA,126.01
B01DTX4FIW,217.9
B000KKHNSW,26.4
B000P0XM0K,22
B000P0ZJ60,22
B0002SRFQ2,93.44
B000P0VSYC,43.08
B000GTIOE4,40.33
B001PNA87Q,35.59
B000P0XM1E,23.1
B000P0TZ9M,24.18
B000HOQY3G,23.1
B0002SREB8,56.28
B0002SREPY,60.95
B0015YLS1A,25.88
B000CODRRC,29.78
B0002BC06Y,45.17
B007EG8DHK,92.4
B0002STSPS,165.42
B003V5FMZY,29.99
B003V5BXRK,25.66
B07KWXB5D5,37.55
B07KWJS3GB,83.76
B0719JQ51K,49.6
B00C3I761S,93.35
B00CEX5C9K,68.65
B0079GPXPA,33
B000W0UZHG,46.72
B0002STSTY,55.34
B0002STSV2,65.92
B002LU6DPI,135.06
B000P0XMIW,37.3
B003V5FX9E,53.22
B0002SQU8Q,33.36
B0002SREAY,81.63
B0002BC0T6,79.36
B002NR2Z56,65.73
B000MITKOM,36.48
B07NWCK8S7,28.76
B000HTNQ6O,33.35
B000FNMJV0,43.92
B06XPDNNY1,56.96
B007WQQGYY,76.37
B000I14RXM,32
B0009OMYGU,39.37
B000GTJ7TA,47.27
B000X0082W,34.08
B001C6NJOA,47.27
B00RGNGQ0M,45.87
B0009OR906,41.03
B000JFL83Y,47.27
B000I1CCJI,28.95
B00AGWEUKI,62.43
B0002SRD0U,47.27
B007EG8G0O,27.7
B000FQ0O5K,65.97
B0044YS7O4,115.85
B00IXSECT6,70.84
B00AKA6LNU,33.79
B00AKA6LW6,33.79
B00AKA6O0K,33.79
B00AKA6NUQ,33.79
B00AKA6NYC,33.79
B00AOJAPPC,33.79
B00AKA6QC6,33.79
B01GOJC5KI,147.82
B000COA1F8,127.27
B0002SR4O0,38.86
B000KRSH08,22.29
B000MIUK0U,59.77
B007EG8UCI,47.3
B0002NYDYY,37.55
B0009OR9AQ,29.61
B00RGNU694,345.16
B00RGN5QZ8,326.69
B002YKJWQC,30.18
B002YKJWSU,30.25
B005IUF638,28.6
B002YKPGB2,31.01
B000J1RF08,28.6
B000Q6QRUK,36.72
B003V5JUYI,34.1
B07D4YMMFY,189.58
B00RGNGI7S,186.43
B00RGNBV5W,66.67
B007EG9ANG,31.9
B009TCCJ54,29.7
B07FKRZGRP,58.36
B00LMU87S4,30.92
B000BHKVII,37.25
B0007PAOLI,30.92
B0029XK48O,82
B08L83NDB2,79
B07FKVD33J,121
B08DDDCLJG,32
B08L849CH2,206
B00HFSQ6BM,47
B0015DLMOO,52
B0009OR992,30.95
B074G4C3F8,281
B00RGN930C,34
B00RGNDK6U,43
B00RGNEKHI,47
B00RGNEZKK,51
B00RGNFGO4,56
B00RGNNT52,46
B00RGNPLGC,213
B00OJG327E,42
B00JSHXTB8,185
B007QV1QJK,52
B007QV1QTK,52
B01NBSTCGY,52
B007QV1SB6,52
B007QV1XPW,52
B00AZAGPV8,109
B00AZA6GTE,60
B009TC7530,63
B01BM1DAB6,91
B07FCHHNJF,91
B008XN7EJQ,46
B000ZU92QI,49.5
B07943CF6X,28.6
B01N3BYK61,32.24
B004R1JPEA,34.1
B00M0O386C,376
B0009OR8XO,129.95
B0010DHFTK,155
B07QFC7WZH,423
B07CN6NPSR,553
B07PFG3417,335
B01CA04RJM,854
B002M8W08S,107.77
B015E6CTRG,67.1
B0002SRM2E,261.84
B07RZWR8DB,232.09
B008M20XB4,27.5
B000BHQ2P4,53.9
B07JJ9MMQF,130.9
B0761TRDSJ,112.09
B07SM1HW7F,58.3
B07S6B7CVQ,172.05
B07SJV8Q69,66
B008M21OGW,36.21
B008M21KJS,35.2
B008M21LJW,55.03
B008M21LNI,37.13
B008M21LWO,61.6
B008M21PI4,49.95
B07HFVPT3W,111.55
B000GTMPH6,27.5
B00065UIEM,30.72
B000XEREXO,27.5
B000FLUB26,40.85
B000I1G046,69.3
B000REI9PC,31.6
B01N224FTI,26.4
B07GYW44NX,144.31
B008M22LM8,159.08
B01AY0DN9A,151.09
B00FKVYPEQ,63.2
B00FKVYQ7W,63.2
B008M22P4M,57.2
B008M22VUA,50.91
B008M22VU0,60.02
B07K73LPR4,39.6
B00OM7JR24,88
B008M22TPM,81.17
B07H4Z853X,72.6
B07CSGMR4H,160.6
B008M234DI,29.69
B008M23550,26.4
B008M2356O,27.5
B008M23A6Y,50.6
B07K73JXB9,162.8
B00018A56U,44
B000K1J0OG,74.8
B008M23HJO,51.7
B008M23IHU,50.6
B002YKPTN2,35.2
B002YKMGNI,31.9
B002YKKA7C,42.65
B004QXP3FY,39.6
B06XRLB4K8,96.88
B001E4SIP0,50.6
B0026GN2KQ,57.09
B000I1K2DQ,70.92
B000I1RMWK,85.38
B0046A8L1A,48.31
B00IEH39RW,134.2
B07QH2G2BF,30.8
B0025QI7YI,36.3
B0872JRJW6,197
B07S8B1NDZ,140
B07S8BP8J1,176
B07K77GYK3,32
B001RIYKZA,62
B001O302WS,119.47
B000HEITWK,70.16
B001O2XVF4,75.86
B001O31RSG,39.6
B000KL1YLI,38.5
B001O2UOBS,44
B001O31RHM,43.44
B001O2ZY1S,25.3
B000IHK2SA,32.67
B001O31R7W,25.3
B07W62Y11Z,388.61
B000W1QZPG,23.1
B001O2QN8Q,31.96
B003V5TUTI,29.7
B001O2ZI7S,30.8
B01N0KXO05,31.9
B001O2ZI00,20.9
B003V5LZQY,22
B001O2ZHWY,20.9
B001O2UA76,43.52
B003V5M662,23.1
B0002SQWMA,110.95
B0002SRL0C,40.7
B001PLK8O6,46.08
B000COS0MY,25.07
B000HB28GG,30.51
B0015PMX3G,49.07
B00063Z2CM,30.15
B01A8UOQWO,39.6
B000H5S5U0,44.87
B005IUEC2O,57.2
B0002STSQM,27.5
B007QV1J74,46.67
B000COMXHW,28.4
B0002SRF7G,24.2
B007QV9BL0,40.33
B0000AXCAV,52.04
B0002SQYT6,34.82
B004QI1VX2,42.9
B0002SQTAA,33.96
B004QI1WEA,42.07
B007TMUOVM,47.18
B0000AXBYK,36.27
B000PS6MPY,40.35
B06XB9DZP8,35.93
B0000AXC95,35.16
B000COS0QK,26.4
B00E1NUC6E,65.07
B003V5MDNS,31.9
B01EAACAS0,92
B00MPQ8FFO,179.36
B085KFYVNB,152.8
B000JFN9WC,237.22
B005MVBFM4,493.69
B00EYTBTM6,138.72
B000K1KPK4,115.68
B00SI75EBW,62.29
B085K87CTS,159.95
B00XMRDS5M,40.93
B00SU012YU,36.39
B0761SM91M,107.8
B00XMRDSD4,40.8
B00XMRDROY,38.94
B00SU014B6,47.47
B00TKCDZ6K,382.91
B0792LN63F,167.09
B07S3YX4WL,93.5
B00X1LESRQ,345.74
B002OQS4DS,863.48
B012SY6YO6,1196.07
B07R23LBF8,143.58
B0792LPRLC,31.3
B081HZG7HH,58.03
B0119FQUNK,184.34
B07FKRHPST,383.85
B07J1DFXGQ,285.99
B07J1HX684,296.99
B07J1RW46M,399
B07J1SMWCY,446.55
B07H8MLP9N,318.95
B077PBSVY4,140.43
B077PC1JNP,113.76
B0775FVML3,109.95
B07XZFN514,120.95
B017Y7SUIA,287.53
B00659G0CC,180.95
B006CSRBTC,187.66
B006GKFWSS,311.3
B07YKVRBQM,442.7
B07YKW2Z6K,420.46
B00TZT573C,277.64
B07QYCD1M1,460.51
B07YKWZ9V3,396.34
B07V3T6KC9,578.9
B08B3LVDFJ,327.18
B07995PHW4,412.08
B07JJD6WFT,517.11
B00CMV6DT2,319.12
B077H7JP1D,479.41
B07WTF5DM5,1080.28
B00FNDMZIO,260.54
B00I3PPDPQ,778.49
B00FNDMYIK,778.48
B0839N1VMW,503.45
B07G94D2WT,439.95
B07CTZK68D,901.68
B089B2HF1Z,841.01
B07FKXHVH5,498.49
B07GZ77N6J,201.46
B07S2WNS3H,302.93
B078W9W425,120.8
B0776MCYM8,175.49
B076QLC84N,190.3
B0776MKD8S,98.84
B01HQPZV1E,72.55
B01HQPZX2Q,60.83
B07811J13L,114.24
B00004WHHR,39.03
B00004WHHT,37.24
B00004WHHV,48.58
B007FUIP0U,40.96
B00004WHI1,40.97
B00004WHI2,46.36
B00004WHIC,43.6
B00FK8WIXO,94.6
B078MVHFDJ,65.95
B07YKXMFGR,60.49
B081PB28QT,54.09
B081NNP2F1,342.29
B07J1RMTXM,307.95
B08R43M9N5,351
B003C1Q98G,207
B00DKYJKRC,284
B07XZMMD1V,289
B085ZSKVJC,235.95
B077ZXH8ZJ,155
B07H5SZPWV,328
B07C67BGVJ,312
B088CMT7LD,438
B081K8HKWH,450
B08B3DXLC7,463.95
B08BFCPLN6,314.95
B08BFHF9NH,511.95
B079NKD6FR,234.95
B079NBC7JN,259
B00020JOSC,44
B00BYFNR8M,134.95
B01CGP4DKO,25
B07SRJL1VL,31
B00004WHHS,31
B00004WHI8,33
B079LBNSBQ,75
B001IGF8PC,51
B072QS8TKG,53.55
B07CV1C1LS,267.79
B07CSF75DK,187.42
B000GBNE8S,85.65
B01NCYKQSN,556.26
B000XSGJV8,77.17
B000KFW8AU,77.17
B000KFW8AK,72.6
B005B2YVZM,37.4
B000YOMXF2,154.84
B00RVZ6K9W,80.3
B00CDD9EC2,67.2
B074QR7W5T,8081.68
B01N7VDX3R,10957.41
B084H112RT,219
B00F9YAR0A,314.92
B00C7IDHTO,82.5
B073FGSYXK,144.95
B081HYMD5G,50
B083QPMS44,58.85
B0777TFZ8J,252.07
B074N9VJP4,156.2
B01BWMOD9S,29.7
B01BWMR3PO,96.26
B00018ADBM,44.45
B017ZSCO6W,34.63
B00PKIBVU0,280.35
B07C2VH2MV,67.1
B07W3QT226,155.08
B07W8KJH44,141.74
B01FRQQKBE,751.25
B000COIY84,202.95
B0875C5M5C,265
B073FPL35D,389
B073FRN9QF,332
B000OQHS2I,60.53
B000HI1P68,206.8
B000KSV47K,179.3
B000OQJHGI,298.4
B002YKKE6Y,81.73
B000O1E4W0,290.4
B0002SR5OO,254.1
B002YKFA0O,52.36
B005F3GBG4,83.6
B005F3GC6S,107.8
B005F3GC7C,56.1
B004AGNMMS,550
B01N59F6ZC,3339.9
B008PPTOXG,100.1
B000HT4KRI,109.41
B000OQMIZU,138.28
B0002STRG8,200.2
B0050SFZBG,33
B000XSI96G,90.97
B00VX0M5EA,70.16
B0002SQZZY,110.99
B005J3L35O,46.2
B00061SMA8,145.2
B000F5ECZ4,132.12
B000NBVFM8,84.48
B00R7ORRU8,150.87
B00946NA2Q,86.16
B000HI2RM4,96.78
B000I16OXI,186.79
B000HHV2XK,264
B00BI2969K,81.4
B000R5IASC,81.91
B07SRYF5X5,289.36
B07SNGRDP3,1850.14
B07RSSRZ7K,422.08
B07SPHXTH8,358.74
B00CDDBAQU,69.61
B00K7VK5EI,96.36
B0002SR26K,33
B0002SR26U,33
B0002SR27E,33
B0002SR274,33
B0002SR27O,34.96
B0002SR292,34.1
B0002SR288,34.1
B0002SR28I,34.1
B0002SR28S,34.1
B0075XHDHI,160.38
B003ESKIHU,1358.7
B00061SMNU,727.39
B002LPFCBY,1049.95
B005PL1PDA,308.63
B008S8W0GS,1298.89
B00829RHE8,56.07
B000JFJMFK,44.44
B000RGYPTE,75.9
B004QJ3AYO,46.2
B0002SRF8K,75.89
B000P6UNMY,673.84
B000LDENPY,38.81
B000I1OXKO,77
B0002SRF6C,97.55
B000F5LJ3M,97.55
B07PDTMNNW,1055.84
B0002SRFLC,88
B000TQ2WKQ,105.84
B000RW3THC,80.3
B00061SMS0,99
B00C6R1RM0,89.17
B08DL6QN7S,498.16
B06WGV6M2Z,616
B004GDSOXC,122
B009B2M3YO,473
B000F5JM0O,94
B007QVA90W,174
B000F5ECUY,114
B0002SRGVG,125
B0002SRH7O,224
B07L5W6JFW,104
B00I6H7LW4,113
B008PTNM3A,141
B07F7QHPMF,209
B08DL7LBFM,2809
B08FVZP8K4,526
B08FVCRN1T,534
B08FVCN8PV,161
B08DL6CPX9,1200
B00DTVBXEO,38.27
B0093N8QGK,47.02
B01B6FH7SK,288.2
B00IAQ1F3M,49.4
B073WL5Z3M,196.87
B06XBTX6MD,29.99
B00002NB7N,48.14
B00002NB7P,50.31
B00002NB7Q,53.94
B000AYFZ24,74.75
B000SDSSY4,59.62
B00SU076RC,132.72
B07KJJDYSM,398.2
B00H2WF6WG,97.55
B00KNCF3JS,66
B00H2WF9E6,66
B00CDUU4EW,66.56
B00CEBH6QY,78.3
B00CECZR9Q,99.67
B00U0EMS42,99.67
B00U0G8DJY,60.79
B0007L7B6S,48.4
B00CTUQEFO,64.9
B0176IWJWK,46.2
B003H6NNFS,106.45
B003ZUYAC6,36.65
B003ZUYAEY,36.53
B003ZUYAFI,39.42
B003ZUYACG,36.4
B003ZUYAD0,36.41
B003ZUYADA,36.41
B003ZUYADK,36.4
B003ZUYAE4,36.41
B003ZUYAEE,37
B003ZUYAEO,37.5
B006485Q10,33.86
B006485QKQ,33.74
B006485SEA,31.77
B006485YUI,33.5
B000XW0A5U,704
B07D2MYR7N,207.38
B0050DNX88,24.2
B07V2P693P,238.8
B07QXT18WF,68.2
B078C6NMQM,47.3
B07NC8KF9D,37.4
B07V9XLP7B,55.66
B07V9Z9ZGW,57.35
B07NC8MHHZ,39.6
B07V9Z4YM4,30.8
B07QYWKVMF,490.03
B07PDH148M,85.65
B005MVB3OY,167
B00JO0WVK4,164.95
B07D2N2Q36,249.95
B07D2LWVFC,201
B01H7E3E9U,302
B004ARPIFQ,270.45
B0002JT5ZU,34.1
B0002JT604,43.97
B0040UPUFG,57.2
B001Q8XG1K,523.52
B000T7OH44,718.43
B002CVTKGU,701.59
B002CVTKJM,818.56
B002CVTKJC,540
B007K9368C,105.6
B000JFHNOM,81.77
B000JFNAJO,81.67
B000JFL8RK,129.8
B00TVE49PI,7241.2
B000GPZ4VO,47.3
B002YKPGW6,127.6
B004QA7M9M,171.08
B004QA7MAQ,162.55
B079P5YGNZ,662.2
B000I134U4,288.86
B00K2WWAIG,107.78
B00080JIOG,102.25
B00080EZZI,102.01
B07CL5MG5L,1040.26
B07FQ698L1,255.59
B07CLBH1BB,135.25
B000HI8LJC,36.12
B007QV3MQ0,44.02
B002YKIZBA,39.69
B000X1E5PC,50.2
B000HTAH8O,76.41
B000HI2TS6,49.31
B000HI2TSQ,38.02
B007QV3314,29.34
B007QV2TCS,30.13
B0002STS3K,44.61
B00A6AS4G6,75.82
B0872HY34V,73.52
B00A6AS55Q,164.1
B07CTY3CK4,71.11
B00UGVCCVI,460.58
B0085YE6J4,81.9
B0002STTSY,59.88
B00UGV66B0,77.85
B079P3L8MQ,81.77
B0002STTTI,161.33
B000K1CFXO,81.71
B006O1Y1FY,139.58
B008EW92LY,241.55
B000RFOOZK,112.26
B0002STS4Y,27.59
B0002STS4O,29.35
B000OCKJDW,45.3
B0002SQV62,44
B016P5PV4I,82.97
B007QV0ZWO,62.73
B002WQKVQS,65.36
B007QV0DQM,32.55
B000RFRR22,91.3
B000JFUW9U,36.3
B000FL5MRU,31.19
B00HFLDHJI,33.96
B0002SRL4I,54.85
B000RFPQ20,50.66
B007QV6M3K,31.35
B000HHFKTC,62.32
B000RFNKLY,60
B00FI0MWHQ,191
B000RFUYQI,40
B007QV9J8U,55.51
B001DUM4NM,84.72
B07CKXVP48,749.95
B07CKXW1ZJ,849.95
B07KGB263Y,699.95
B078962VRM,74.95
B07PVQQH7L,150
B07DXL5XKP,155.95
B07QJDQ3R3,44.95
B00JRZ7N5Y,77
B003XPQFX0,92.29
B000RFIMBC,54.85
B003XPOBW2,96.21
B073DJS7YB,36.18
B07MTYW4ZW,223.66
B07X2LT9M8,139.41
B07QZZY28C,445.14
B0019CP5NA,73.4
B07V3T63MQ,322.77
B0741GVHXS,52.8
B01FTJGQKE,56.1
B007QV3HW4,55
B07WHF83D1,60.66
B07WCQSJKW,86.38
B003YL6BLY,111.32
B07MV16Y4H,89.06
B07ZRQ8Y3W,985.41
B07CSW58DL,257.72
B07CZRM6HV,342.19
B004IQI298,85
B000CKTJXM,80.3
B000CKRN8U,57.2
B000CKTK0E,79.2
B001QKJTZ0,27.5
B0002SR63E,31.9
B00K8WNBOC,41.89
B01DUJFFN4,103.2
B01F78UU8Q,145.54
B01N7I43NX,142.1
B01MYZOFAU,121.78
B01N4DW3KU,210.78
B00HLF6T48,50.36
B00QF7RYBK,44
B00I7JI92M,70.19
B003QHSHMW,43.4
B01N957YCC,78.42
B000RFGYYO,73.58
B000M8ODBC,43
B000V29B7K,180
B000KN470Q,94
B003GXFBHA,153.87
B00DII7CTI,95.09
B004RPXRL8,134.93
B00BI2CGQ0,30.04
B00QXF9STK,89.1
B001CX8F6K,29.7
B00GXAR4D2,152.49
B000JWD114,50.44
B00XJZ01GQ,56.1
B06W2HTG1T,62.7
B079CHLFB3,62.7
B079C4Z2LG,62.7
B0000AUSOI,34.42
B00HZAX5SM,116.6
B007QV7XZQ,57.2
B001GUMF2Y,66.88
B000FCF2DS,107.8
B07B6JZWVD,90.2
B07P38KSSF,90.2
B0011UIPIW,33
B077HX6T6W,206.59
B077HVMBVP,204.97
B01B5DZ0LY,215.6
B07BQD8192,132.16
B000LJUQUO,150.7
B002Y094K6,94.78
B00A9YJAV2,325.92
B000TRJETW,26.1
B0006BIYE2,24.45
B015XUBU50,39.02
B006L23M56,59.63
B000TQ1752,39.92
B006L23QJ8,75.23
B006L23QU2,34.72
B006L23R56,54.67
B006L23RVU,53.05
B0002T5BD0,34.53
B000LQDB4A,38.39
B002YKK6G2,35.63
B002YKK6KS,45.51
B006L1K6VU,79.13
B006MPBQHS,38.49
B000GHYN8M,40.48
B003XIJ7LE,39.8
B002MW2CHI,122.52
B01J7SBZAY,122.31
B006MPC2R6,32.51
B000K1FZ7C,37.75
B000TQ2UZS,47.29
B006L234XG,35.68
B003XIJ7ZU,105.07
B006L23AQW,38.83
B002YKEUHS,38.83
B006L23AOY,38.83
B006L235FI,39.8
B00VRCADBQ,34.11
B07CTX1BQW,55.78
B0076HIFK2,32.18
B0076HIGZG,26.92
B0076HIPHU,26.77
B000TRL1EI,21.9
B0076HIRFU,29.96
B000R6U0PM,45.51
B00018AEL6,21.9
B000TQ2VDO,47.42
B000FMM3ZS,34.59
B000GTQVU8,25.48
B0006FGN6O,22.52
B002XMS442,35.34
B07B6MPY1K,117.21
B07B6FZVP2,131.62
B0074HN180,26.3
B0002UNP14,100
B0076HJYEI,27.39
B004PT4FRG,27.39
B07B6LVJWT,149.25
B07PZ8WXMB,64.08
B07PGJ8JCX,64.18
B0006FGNIM,37.26
B0006BJ09K,31.84
B000TPZHUO,31.82
B000GTLZDG,47.42
B000GHWNNE,31.84
B0002SR99K,54.2
B0002SR8SC,50.46
B000GHYMFQ,31.83
B000TPZHYK,31.83
B000TQ6RCK,37.85
B0722SBV11,67.42
B06XZMJP19,84.65
B06WRWXR13,116.33
B06WP9SVZN,122.41
B06VY2YR5Y,319.83
B06X95RCS5,133.75
B06X6M23WK,417.45
B06X6M3M9K,160.48
B06W9NRBHV,362.26
B06X965768,633.62
B0006BJ0J0,35.83
B0015SBYZG,35.82
B000GTIJQC,39.41
B0006BJ1BW,41.45
B000SOSF4Q,44.42
B000SOXAY6,45.96
B000SOSFGE,53.97
B000SOXB8Q,48.4
B000SOU94U,50.45
B000SOSFXM,65.92
B000SOVUFW,60.28
B000SOU9EU,62.95
B000SOXBRW,64.07
B000SOU9HM,66.53
B000SOXBUY,72.78
B000SOXBZE,86
B000SOVUQG,74.11
B002YKI790,82
B002YKJ8MU,99.18
B002YKN6UA,85.89
B002YKJ9D8,119.84
B07TCMRL8Y,1047.96
B0002SRK7G,296.19
B000SOSGW2,126.21
B000SOUA9Y,145.04
B000B09JCO,265.16
B000B09JDS,238.84
B000B07IEK,277.03
B000B06FI0,365.28
B000B06FJY,407.46
B000B07II6,434.59
B002YKG602,47.69
B002YKE4G0,56.97
B002YKJBTU,57.46
B002YKNA7E,48.61
B0006FGNWS,48.2
B002YKN9I4,57.21
B0015SKIF8,48.61
B000SOVVJW,49.35
B000SOUB98,50.68
B00063ZDQ2,51.53
B000SOXE6K,51.64
B000SOUC38,52.37
B000SOVXN6,54.43
B000SOSJOM,60.11
B000SOXFUU,71.48
B000SOUDSW,71.85
B000SOSKHS,62.03
B00063ZDH6,75.36
B00063ZDHG,69.09
B00063ZDHQ,77.16
B00063ZDE4,87.33
B00063ZDD0,104.14
B00063ZDDA,89.97
B00063ZDAI,121.82
B07B6SW7ZS,808.83
B00AHIWN78,156.96
B07RSSTR7T,3131.75
B007QV6RQW,25.38
B00SI7F3FY,25.54
B00VRCFE6A,26.39
B007QV11NQ,26.35
B008QTA39U,26.39
B007QV11UO,27.15
B007QV6HS0,27.15
B008QTA39K,29.04
B008QTA39K,24.2
B007QV17V2,29.79
B002YK7ENA,30.59
B008QTA3HC,46.72
B0015SIJKO,874.25
B000HAYT9G,25.98
B0006FGOEA,27.26
B000HB0I1I,26.29
B0006FGOEU,27.26
B002YK9M58,32
B000M1DDWY,365.2
B00063Z77W,91.8
B002YKF3TW,29.79
B002YKBH6K,30.66
B002YKF4GE,41.89
B000FN8U9U,61.61
B071ZWJ7JV,41.36
B06W5HTCT6,102.78
B002YKBIJ6,106.69
B002YK7KAW,134.03
B00VRCCKSA,40.87
B000X1TE7G,186.83
B00DTVCZ6E,26.77
B0006BJ1VC,101.02
B0074HNP22,24.2
B0074HNP7C,27.57
B0074HNPBS,27.56
B0074HNQ2G,36.77
B0074HNQ1M,27.45
B000I1O6FG,104.3
B01N4MA7MM,105.43
B000MCTBXS,143.31
B0074HN7PW,40.15
B0074HN7PM,38.62
B002YKD3OO,152.78
B002YKF81K,37.1
B000I1O6L0,46.16
B0076HL8SS,26.69
B003XIJ8KO,311.82
B00K03RSPM,23.1
B007QV40UM,26.4
B002YKBMWE,38.5
B000TDEEBO,112.8
B007QV1EV0,28
B002YKD6KU,29.79
B00BK79FDK,31.53
B002YKBNIW,35.85
B000LQEW3E,162.83
B00BI2C1TW,27.5
B00DTVCX84,27.5
B00DTVEN8W,37.74
B007QV6KVE,36.21
B00HRYN8WY,40.9
B007QV1AEG,46.65
B00BI2D0H4,48.88
B0076HLA3Q,27.5
B00JO1EAH0,29.7
B0076HLBDU,27.5
B000MCW7ZC,115.49
B01M1KE9EB,80.04
B002RVRKVM,162.48
B004EYGW50,378.28
B001U426IO,56.23
B07BQFXV7F,49.95
B07BQG2J7P,29.93
B07BQG1F6L,29.93
B002XMYD3I,22.46
B0002SR9RC,94.03
B000LQEV9O,144.55
B00HV2OMJA,83.84
B000KRUKXU,19.59
B00AJSY4RS,37.87
B006L23E18,43.49
B006L23ILO,24.59
B006L23IN2,26.49
B006L23IZU,38.17
B006L23JOU,43.49
B006L23LTS,24.59
B006L23M38,23.32
B079VRJYK3,30.67
B006L23RM4,28.62
B006L23T8G,29.68
B00YTN5Q7Q,26
B002YKRSYU,32.34
B006L1K688,35.48
B00OIZ7CXQ,44.27
B002YKRT8K,35
B006MPBUBU,37.31
B006L2322E,37.66
B00OIZ765U,96.06
B003XIJ7M8,38.17
B006L232CE,50.94
B002YKMF8E,139.49
B002XMYI1K,27.76
B06WW9HFMY,31.77
B006L233HS,25.98
B06WWDL5V3,31.77
B002YKO8UC,27.04
B006MPBZWY,65.79
B006L237X8,33.39
B002YKKARC,24.59
B0186JTITK,24.59
B006L234P4,24.59
B006L234LS,27.57
B006L238FA,25.98
B006L238FU,26.07
B0076HI2Y6,21.83
B000R6XXXS,79.62
B0186K2CDI,27.76
B000LQG35O,58.08
B006L234ZO,28.62
B003XIJ81I,369.43
B002YK9ECY,303.18
B00VRCADES,40.7
B0076HI6B0,24.59
B00FMSDTHG,20.97
B000R6XY8W,33.73
B0076HIIPE,32.87
B00FMSDX2W,21.19
B000RLHUD2,32.34
B00DTVBT34,21.49
B000GHVC86,33.39
B0076HIYV2,32.34
B0076HJ0XI,19.17
B002YKH1E2,24.91
B000TQ2VE8,35
B00D4X9B3W,23.32
B0076HJLKA,19.59
B0076HJMOA,36.04
B000TDAGV6,87.05
B079P75TZK,94.99
B079P38HPL,98.78
B079P2SN8S,122.2
B003XIJ85E,152.6
B00D4X9DBM,23.32
B003XIJ87M,36.04
B003XIJ89A,32.34
B07PZ8X49N,47.31
B0035LXNF0,34.35
B07Q2HNPJ1,48.76
B07B6MYBD4,157.19
B07BKW1V6Z,48.93
B0074HNAE0,22.25
B003XIJ89U,121.41
B000ROC2SC,71.11
B0002SRA6M,131.45
B000MCW36A,134.51
B000I1Q834,134.51
B0074HNEAK,32.34
B0002SRAPI,162.18
B0076HJYKW,19.59
B0074HN56I,22.46
B0074HNG8A,20.97
B0074HNG7Q,21.71
B002GT2FA6,176.69
B005MVBAPQ,35.2
B005MVBAVA,34.35
B07Q1DRTPY,52.76
B002YK845C,37.13
B006JVU2JI,37.13
B07LH2GZRZ,92.83
B01J7SBT4Q,94.19
B006MPC94W,32.34
B003XT5II4,20.97
B002YKJ17M,33.39
B006MPCJAQ,33.39
B06WD75994,75
B006MPCSFC,37.12
B0002SRA76,128.83
B00AJTL5XI,78.56
B00954LMVI,281.08
B002AIHZC6,313.65
B014US9NJ6,999
B000GTIKIO,43.7
B003XT5IMK,71.11
B006MPCYP6,125.43
B000SOSIHU,63.68
B003XT5ISE,56.23
B003XT5ISO,56.23
B003XT5ITI,60.49
B000SOXFX2,212.83
B0002SRB66,299.16
B000SOVYLC,218.85
B00SI7EVX4,1231.81
B00VRCF6J0,147.53
B00WXMUYGI,279.94
B00WXMV7I2,139.64
B07P5SXXVC,570.21
B0088XMPUE,923
B0088XMQDU,700.35
B000MCX3A0,162.63
B007QV6R9O,18.43
B00AECZ702,19.59
B00BK79FDU,20.33
B000GTHGR0,20.97
B008QTA3A4,19.95
B0120XXUWE,20.33
B008QTA3G8,21.49
B0006FGOAO,25.44
B000HAXIFM,30.74
B000TDAHHO,606
B014US9NXM,1412.45
B000XW2YJA,175.05
B005MVBB2S,425.65
B0076HK6A4,19.06
B0006FGOJA,18.84
B07P6R6SXP,1367.25
B00MCL4BKK,22.98
B002YKF10I,22.25
B0006BJ1OO,30.74
B0006FGOGS,18.64
B002XMWG1E,19.91
B000GTO240,30.74
B000GTIKV6,20.33
B0006FGOP4,20.33
B0076HKV68,29.89
B002YKBF4E,22.46
B0006FGOQS,18.73
B0006BJ0QS,33.39
B002YKH5JI,19.37
B002YKH5LQ,21.19
B0006FGOXQ,19.42
B000HB0IDQ,25.98
B0002SR0U8,137.95
B00SI7FGRY,28.78
B000GTIL10,45.08
B000ANF3VI,68.99
B001UNGLJA,117.4
B0074HNK9A,43.49
B079P578DR,87.35
B07P8YBZ5G,55.89
B07P8YBZ4M,67.33
B07PC4KMCR,61.6
B07P5R542M,72.09
B0006FGP08,61
B002YKBI8W,73
B06X1FG4CC,52.06
B06WD86S8W,59.7
B0074HNMI4,19.06
B007QV56DW,19.06
B007QV195Q,19.06
B0076HL4ZA,18.1
B0076HL63U,21.83
B0006FGP0S,82
B01LX6VDCD,47.74
B003XIJ8EA,60.49
B000LQG3YU,132.89
B002YKH9I0,23.32
B00VRCALIQ,23.32
B007QV59NY,34.37
B007QV59Z2,32.34
B0074HN7QQ,24.55
B002YKD45M,25.44
B002YKF81K,28.62
B007RLEAZG,34.15
B003XIJ8GS,73.24
B0002NYDXA,36.04
B006L23B7K,19.59
B00SI7G3BW,22.78
B078BHX78X,70.62
B0076HL7C0,19.59
B0076HL8RE,19.59
B0076HL8TM,19.59
B007RLEC2M,41.38
B007QV5EGQ,18.43
B007RLED4Y,19.06
B00ILVNP7K,19.59
B00DTVE6G6,21.49
B007QV41MO,22.78
B007RLED62,25.98
B00C3J6K7I,32.34
B002YKD7EU,38.17
B002YKD7VI,36.04
B002YKHE7Q,19.06
B007QV1FEG,19.06
B007QV1FVO,19.06
B00HRYN504,19.59
B00BNS8W2Q,19.59
B0096PR8W8,23.32
B007QV18IY,23.32
B00BNS8ZC8,26.18
B002OV2PBU,71.11
B00CP8DI36,184.71
B00CP8DL56,162.63
B00CP8DLK6,242.94
B007QV6MC6,20.97
B01N4NWDZO,562.33
B003XIJ8VI,25.98
B007QV5UG0,23.86
B0076HLA1I,23.32
B0076HLBDU,23.32
B0076HLBCG,22.78
B0076HLBD0,24.46
B01L9H6QO6,57.37
B08RYB3KCD,80.75
B07PK1KJKX,115.89
B07PL34WYM,75.7
B07PGRF6JC,69.23
B07PDNZX3N,166.45
B00AZA89I0,57.78
B012US5XYM,29.99
B002YKFDA6,32.95
B002YK9XDO,30.95
B07V8L47RT,20.95
B00R7366YM,360.95
B002T15L16,87.95
B000MCVT2E,115.95
B000AU3KBQ,142.95
B0061AIX70,1578.55
B000I191Y2,1537.66
B0002SRDF0,36
B00I3GNVUE,128
B003TOFNPG,83
B07VFXNRYF,30.6
B07W8WNJL5,32.55
B07W6XCD4Z,34.1
B07W94Z7G2,34.1
B000FN4NV4,247.5
B00063XRHE,125.22
B074WBML86,105.6
B07CZQL1NS,3259.5
B00BBJ8X44,365.56
B07CZSNPB2,1074.7
B07CZRD6B4,545.82
B00BBJ8XV2,520.12
B07CZT2BHW,1171.49
B00FABY8O8,1808.43
B000OEFTQM,34.56
B000OEDQTO,33.02
B000PRYD6K,30.17
B00C3IVKT2,47.54
B073DM1SC2,34.08
B073DL5TXL,56.73
B000OECQTA,83.94
B07WHTPV66,91.32
B004SVJH9W,26.93
B004SVJH92,43.52
B00144AII0,34.97
B07VCB2B2D,82.24
B078BRGXBV,53.81
B01KAYYHJU,30.29
B00TU3U9SQ,61.88
B073R1PZJ9,38.52
B085FTZJ3K,37.24
B085FSD9TZ,37.24
B01KB02F9C,32.96
B01KY49FMU,140.21
B000VKDM1S,62.65
B018SVCZOQ,158.54
B01J3X3YMU,236.73
B07G2R84RC,187.86
B00TU3UJKE,32.68
B018SUZPLW,50.58
B00TU3USO6,67.41
B077QPH9KH,27.52
B06XX1M5F7,73.8
B005MVBE1G,26.25
B07N2TJMY8,150
B01M1NVLO1,130.12
B07BYGQ6XW,49.64
B01MRLQ4VW,92.81
B008DZSZK6,39.14
B016YW6XL2,60.65
B00JF5VAH8,55.97
B00DCUEVUA,36.65
B00DCUEXLW,40.83
B00DCUEWF4,36.24
B07B1P1LVM,148.23
B00K117O1Q,89.05
B009TCARO4,29
B08J2K2WF6,34
B08J2K9Q7P,34
B08J2L2141,35
B07P8R29GX,27
B07V9XYNJK,49
B07V8L4FJJ,29
B003XJE466,36
B00HX77JH0,118
B01443THLQ,118
B07VD9QCK7,40
B00DGYPNSG,110
B07TS3Z4CD,310.22
B0014DIPV8,47.3
B000628SNI,92.64
B00075RFWO,136.32
B0023C7L2S,142.86
B00075PU3A,47
B004WBN0JG,152.6
B00AU3XX4W,103.78
B07D2ZVQN4,109.52
B005DFG85I,127.62
B00VX0MS38,116.25
B001A4E5D8,57.87
B00EARA360,67.34
B005IDKMNY,481.8
B00INAWT3K,162
B00INAWW3W,162
B00INAWXBI,162
B00829S24C,82
B005UEQYU6,201
B00EVF1NGA,142
B0011U7UPG,247
B008EWTQEC,403
B000TRNCBI,29.7
B000IE7VQ4,25.3
B000AMD35C,51.7
B003QI08TQ,52.88
B06XZ4SCDG,91.58
B07D2MPD29,77.78
B07ZY7KQ5H,107.88
B00CDBK7VQ,51.38
B003TSMQWU,53.68
B01KY43D7S,29.7
B00DTVCAXW,29.36
B0872JB7W7,115.28
B004WIWPWW,68.2
B007QV12BM,84.65
B0080J8C62,83.04
B01KY43IE6,29.7
B015093K8Y,90.97
B07VXS46SK,35.2
B000X2533Y,87.75
B000BHO3EG,48.53
B000MLRZWI,46.93
B002YKJFGO,26.81
B0002UNOGK,45.05
B0002UNOGU,52.36
B0002UNOHO,49.25
B00KY3ZS64,33
B004PSZ85A,71.13
B01MTUP2HQ,57.89
B000FN6PGA,95.21
B0002UNPG4,84
B00KNC1UUE,90
B08J8L767B,132
B071NTNJPQ,60
B071FSLH93,76
B0000T4TSU,188.79
B00004SBB1,44.62
B0000BYD9A,37.77
B0052XQY8W,57.2
B0052XR0NU,47.06
B01LCML2MY,60.72
B00004SBB9,48.1
B000A0UJVK,39.93
B079THJXSX,43.09
B000A0UJW4,38.99
B000A0OW2W,49.09
B00AIZIMXO,75.08
B000JNLUQ6,35.75
B000A0UJV0,39.92
B000A0OW1S,43
B000JNNWQ2,51.45
B000BDG8NY,34.63
B07BNL8QQK,72.6
B07FXX4G8J,46.2
B00004SBBK,120.3
B074WMZZGM,47.49
B00004SBCF,60.5
B01N987DRE,53.03
B00004SBBL,74.2
B06WGQ5Y2W,60.29
B00004SBBB,76.68
B00004SBBD,46.2
B001NNTVBC,26.84
B001HWFYVA,23.1
B000TRJ8CA,24.5
B00018AENO,51.79
B001NNVZTI,24.2
B000LQDAQE,162.58
B000FN6THU,117.71
B00004SBCI,167.34
B00004SBBE,41.36
B000JZ5CW2,211.2
B0856WX1W1,88.64
B001L38P0W,30.8
B00002N5JG,35.79
B00002N7O3,35.79
B00CATJHJ4,45.96
B000ILQ0UU,45.91
B004RH3GDA,47.3
B000JG40EW,161.41
B00DK2CRY2,46.2
B002JGI6H2,46.2
B001OA5XCU,79.76
B078Z3XKR4,356.44
B001OA23JG,70.51
B001OA9IXU,68.11
B001DO0RJG,98.55
B005GXPH72,31.83
B005GXPJCU,33.88
B003UWBALS,43.28
B007YRBL9Q,32.55
B007YRBLUK,49.34
B007YRBNBW,41.96
B007YRBNTE,39.3
B007YRARDW,31.9
B007YRAS54,36.3
B00JF9LPPQ,137.05
B00JF9LSNK,157.87
B00JF9LSQW,160.23
B00JB6Y0EG,84.07
B00JF9LVAU,99.8
B00JF9LXTY,106.08
B001PAVBUC,906.36
B005R3SUIE,210
B07F9YC78R,600
B00QZEI246,57.44
B00QZEI9XU,54.48
B00002N5KQ,48.62
B071VTSD3W,66.62
B07D2TT1DM,373.1
B06XH47S7P,188.97
B01CVKKZYC,196.84
B01CVKL0VO,186.29
B01CVKKC0Y,226.6
B00L9V82AO,111.45
B00C5R7K9U,149.6
B00VP3UMAO,158.01
B01H273LQS,182.58
B07F9YJ8Q4,201.37
B005R3SUWA,203.99
B006MGMNTW,344.04
B0079GQXSG,100.45
B007PO4OMY,93.66
B00WH6JN3A,99.28
B00WH6JK0Q,102.62
B00WH6JOS4,112.94
B07FB2P6Z7,151.79
B00WH6JRZO,165.93
B011O00UVS,631.28
B00IF569S4,1498.2
B00K2TA1N0,718.87
B00AZ314ZW,429.66
B011NZY9AW,6178.89
B00IF55VA6,811.8
B00R7ORRU8,150.87
B07Q6LH8N6,264
B001414K96,78.16
B000FMK7BU,81.47
B00063WHJ8,84.79
B0082LI9AC,88.11
B00186EWF4,90.82
B000CQ22OO,101.63
B0002STR90,65.74
B0015PKNEC,63.41
B000QJECLI,75.21
B000QJB1US,75.45
B000B8UPLU,106.06
B000B91090,106.06
B000FW61EM,109.01
B00OI6RYKQ,134.09
B000P18ORA,182.76
B000FW2M2C,183.25
B0093N689M,50
B00YTK9E72,670.42
B07S4LWZ6J,87.55
B00YTK9HUQ,62.23
B07L5T799R,235.8
B07T3Y65LY,186.65
B07G8VYPK8,147.33
B0186N769U,103.19
B01N79RCK3,109.11
B071WNW7PW,49.71
B0889LQZ4P,40.34
B07J5GQ2V5,343
B07FLQ2NQQ,160
B0012SAXT2,58.15
B01707ZPKA,242.19
B07L5VZQWT,1237.21
B089GYGJJK,963.31
B0892QNYMW,224.16
B06XJ26FHV,334.08
B01N2TUGYJ,148.5
B079P4J1P1,224.88
B0792HXNGS,50.92
B00SZAGJU2,42.57
B07CTHYZ2Q,47.37
B0120Y3BC2,22
B07MTZ2VTR,144
B07CTL8DNN,22
B001ATCALM,158.96
B01EMA0OGS,193.97
B079KKZLFC,172
B07FG1M4DD,117.91
B0025Z7ZSI,112.13
B07BSMBLTW,331.89
B0186N9I14,100.14
B00F07VS9A,293
B004UKNWRY,358
B005ENR2FO,19.1
B0195V4AZU,30.4
B00S4ZUCHO,19.43
B000BHPZRK,20.26
B000TRNEL6,23.25
B005XUHH8A,22.17
B01MTVBQVU,53.15
B004QXWJH4,33.77
B0026GHKJU,38.23
B004F7QEU4,26.61
B009YNX54M,44.52
B002JBODW4,17.2
B00KNC9CMC,1238.1
B005MVAX18,1188.95
B01JBNIXR8,24.2
B01J5B9NVG,86.92
B0015YL1WQ,33.19
B01JBNEV7Y,34.65
B01JBIHIQK,38.53
B01JBHZRAA,38.42
B01JBNJGNS,39.58
B002YKD1SM,44.45
B01JBJUO2Y,177.75
B0877794DG,115.77
B00061SG0O,144.3
B01JBOVR2U,252.46
B0014DKIK4,61.63
B01GE0PFDQ,81.55
B01GE0PFHM,82.19
B01JBOP7VM,66.22
B01JBIK1E6,75.59
B01CN99TCA,176.22
B01JBNBMAS,51.61
B01J7X4DIA,32.58
B01J7X4ECK,43.44
B01J7X4EPC,41.45
B01JBJU56O,89
B01JBP4NGQ,249
B01JBJP8GG,435
B0042KL6UC,155
B0042KJ5OQ,155
B0042KOKC8,155
B0042KOKG4,155
B0040Y301S,160
B00407SHY0,160
B0042KJ5W8,153
B00A7EQ7YM,122.4
B008FLKZR4,63.08
B000OUX990,270.09
B0792J973K,521.68
B002J8LM5I,225.55
B002J8RSEW,303.93
B00J6C0BES,280.57
B0184DH48U,477.26
B00J6C0FNA,573.05
B0077LNDMC,236.76
B01FV3YZ1U,329.49
B00SXH7T0Q,158.31
B07D2MHBZ1,593.7
B000M5ZVC0,60.85
B000OUZB8C,39.13
B000Q8U7P4,127.2
B00SI79HII,86.29
B00SI79LN4,150.88
B00SI79PEO,135.93
B01N5H63C9,63.5
B000M61JHK,88.64
B00B5VKA94,49.5
B0015PI4HU,153.35
B00A7EU6P8,47.35
B000Q8V7G2,482.64
B00B5VLM4Q,770.3
B073T6QG37,67.48
B004IQHNHK,189.74
B010FH4GK2,145.97
B07QXT1ZWS,79.36
B0792M2HQF,610.01
B000OUW7N4,265.39
B004VT8L8E,392.78
B00J6C1PES,194.03
B00A7EO3DY,143.51
B07G5FN8S2,151.32
B07G5QPMHL,311.53
B01NCNC85O,172.06
B01N0HIQK1,227.04
B000OV321E,230.02
B01MFDQ3PF,132.97
B0792JW9N6,79.93
B074FMVCLJ,153.89
B008TNNIN6,245.17
B00A7EQEVI,597.58
B000OUZCJ0,151.89
B000OUZCJA,169.08
B004WLRP74,63.39
B0792JNSVJ,207.6
B00AZAA1K4,60.44
B000OV32M8,35.82
B000OUZCWM,43.05
B00D2IWJTC,44.19
B001AW6GGY,40.39
B000OUZBDM,137.21
B002N6YKVY,83.54
B07D2LV7F8,201.04
B0186NCF1O,251.03
B07RZHCBH5,757.5
B00PPAB43M,991.56
B0756XN3C5,753.5
B079ZW3X9B,2288
B07FSQ5HRY,976.88
B000M65P4I,66.34
B000TPZJF2,32
B0120Y3BC2,22
B01GQUCJRY,28.6
B00OZXTA0O,43
B000UEI5QM,48
B00K2T9UK0,351
B011NHU60W,396
B003LBB5PY,183.98
B00SXGN0LE,95.81
B0791C1VVD,265.95
B005ENZEGI,32.25
B002XUL1Q2,170.18
B002XUL1S0,189.07
B01FAM3KLS,30
B074Z91XYH,2305.35
B07PQ94RWW,1107.78
B016KC5IY4,1194.94
B01NBEN5US,1945.9
B003V5PVO6,35.6
B000KL4HZ8,179.38
B000VZ2ZB6,71.72
B002Z32PPS,86.35
B00AZABWK2,84.7
B0792M2NGC,94.64
B07D2LWWS8,135.83
B00KWM3PBW,101.1
B000OQJFP6,222.48
B0002SR86E,32
B00004SBDC,49.53
B00004SBDD,62.28
B009OHH4FO,63.11
B00004SBD4,66.02
B00004SBCT,53.8
B00004SBDF,59.36
B001I70C34,69.3
B00004SBDG,62.22
B009SNMWKG,171.79
B00SI7FP8E,33.52
B009RXZ6FU,142
B01BD4HGSA,268.37
B082Z6N9JN,1054.7
B00JF5ESWW,165.33
B002YKAZ0Y,517.87
B004V70NBE,346.5
B07SC4C47M,383.07
B07SGS4SWD,400.99
B01FUZA1Q2,493.9
B000NOYRA2,174.6
B000PU2XSC,438.71
B001VXUWSK,183.59
B073FKKPK8,819
B00TE9DP78,284
B000L7K3SG,186.95
B00AZJYDQI,45.55
B00DOPZVSY,52.98
B06XTZ6YYY,59.98
B00AZJYGOC,145.66
B019MN7OEK,306.72
B082J45VCN,315.5
B012UTZAZ8,33.64
B002INTYQ8,24.2
B002INOQNO,27.27
B00N3YRTS6,26.4
B005HV0EFS,156
B007NVSQEQ,263.54
B07961NDT1,631.27
B000HHWWES,414
B07QJ97BHQ,265
B00BWFIKZO,481
B00FREST98,631
B01A08YKV6,569
B07NQS465R,48
B004W1WGIC,369
B003978QGQ,74.8
B002L3RUW0,297
B006EPI0YI,349.95
B006ESF2QE,575.9
B006ESJSPA,475.95
B00KG60G0M,95
B002E93G56,305.69
B07QHN2FTN,437.4
B004BFFW0I,35.32
B004BFAJHO,41.75
B008AWHK0I,324.04
B06XRYV3N3,523.89
B07S7SJSNC,4538.94
B01HD21AOW,3501
B07V8L319H,73.63
B002OFQ6QG,601.57
B002OFQ6QG,601.57
B01LSPDWFU,3500
B01F78WGOW,2466
B007DN3QR6,56.95
B000LW16XC,66.51
B009TCAQH2,67.16
B0872JB2LV,84
B004I2ZSLC,421.51
B00937VLXQ,984.71
B000SOSDB6,103
B00063Y4R6,92
B000X1BFWS,44
B000R6S1D0,292.06
B07KFFLC7L,148.56
B000R6VTZC,138.38
B00ELVT6MC,170.31
B0042SQSPM,144.32
B07D2MCV5G,291.46
B01FUZALYE,164.18
B002Z32PP8,163.34
B000GTIL9C,456.31
B07RJ193MW,590.34
B0079GQA0C,392.42
B00FAC2VCI,508.99
B07X4B876Q,29.7
B00NUDTEOC,206.11
B0002P3ORY,63
B00061SJL0,89.35
B0021UPC7I,166.95
B000189S0E,234.95
B000O3NACS,46.97
B0002STSGC,111.13
B000CO7VG0,28.44
B0002SQU7W,32.44
B0002SR4MW,46.27
B0002SREPE,57.92
B000NP2SAC,90.57
B000NP2SBG,58.29
B005EBA5A0,53.59
B000HBDW3Y,49.39
B000NICELW,160.34
B003BED9IW,59.06
B002YKH48U,36.4
B002YKH4E4,59.1
B000NIAIDI,56.52
B0120XU99G,107.05
B0000AX9AY,73.02
B0056BS3KW,29.15
B009F6OHIG,38.52
B009F6OI5S,38.52
B007TMH7M6,36.07
B007QV5I12,29.49
B002YKH6R4,39.3
B005STSEKG,29.49
B002YK9NN4,30.57
B002YKBHII,42.11
B002YKBL5W,36.3
B002YK7Q1U,43.36
B002YKFC3O,43.35
B00829REHS,38.81
B007QV28PQ,39.3
B003V5HLYY,31.69
B003V5C6P8,32.05
B003V5HM34,33.3
B002V0APMA,34.5
B003OAKR1K,28.6
B009F6OLY6,31.02
B003OAKRPG,31.82
B009F6OMK4,31.47
B009F6ON3K,41.98
B009F6ON5S,41.94
B002YK7UGQ,33.43
B00HDTN58U,44.59
B002YKHJS0,34.88
B007TMDKTK,31.9
B007QV12DA,26.4
B002YKHS3Q,29.38
B002YKC4O4,29.25
B002YKC674,31.69
B007TMEWCE,28.6
B0014ZYYUC,52.22
B002YKL5G2,27.5
B002YKFWB6,42.67
B07GX31RNR,31.9
B007TMH8SE,30.8
B000VFNS2G,55.86
B00HDT23EM,37.4
B009PJPKCA,395.15
B0186NLGQO,35.19
B007QV9E3K,47.73
B007QV8Y2W,38.26
B009OC8LPQ,88.58
B07SSJ3NK5,86.9
B07T86BHV3,52.19
B00CDDJG4I,82.81
B002YKLC10,33.4
B07TBBKYKF,190.76
B07STK5TJC,104.71
B009OC8QP6,145
B07SSJJ2LZ,80.04
B007QV7TN2,34.02
B00E3IGLPI,99.54
B007TMD5FY,30.21
B00OL2XB9K,168.42
B003DA5Q12,41.12
B003DA5Q26,39.37
B0015011K2,68.06
B002YKJ9WY,58.55
B000VFR3CM,53.87
B003DA5Q5I,61.19
B0014ZXTUI,48.15
B002YKLF94,56.05
B002YKJAPK,56.8
B001M0O1HU,67.64
B007TMGZIS,38.42
B00DTVBV1Y,29.38
B00H2W7B56,43.97
B0015012BA,47.99
B0015012AQ,47.99
B0015012TM,79.98
B001M0O1KM,120.52
B00EJJKFL2,42.87
B00EJJKG5W,43.48
B00EANBDCW,57.93
B007TMAN2C,55.83
B007TMAPC0,29.7
B007TMARJQ,36.88
B007QV6Q9U,38.5
B002BHU55A,137.42
B002MQHM0Q,75.53
B07VZWR5JQ,57.69
B004LO4SC2,94.47
B00UM63ODW,28.47
B00UM63MQQ,29.32
B00UM65HZK,39.96
B00UM661UU,30.12
B01CDJ5UIM,67.72
B01CDJ60UO,50.81
B01CDJ600E,70.07
B008MFSBME,38.35
B00UM68MV6,89.76
B07T99KJ6M,304.56
B07TFLXCX6,284.97
B07TFHW17F,320.6
B002MXQDNQ,69.77
B00KQ4M170,68.2
B01NCFJOUM,75.13
B0002NYD8U,46.76
B0002NYD94,49.53
B000HBC7EO,51.93
B000HBF5Y8,92.41
B0002NYDK8,46.25
B0002NYD3A,160.9
B00OL2XFLO,479
B001F0QJGS,519
B07T99KHV7,67
B00BTEXV52,115
B001GMVA64,391
B07HFV76HS,159
B002L6HJ8C,39.95
B002L6HJ8M,36.95
B001YHELPS,59.95
B00IWD9XT6,109.95
B00IWD9XKU,109.95
B001YHLPXY,47.95
B002MJMXD4,51.95
B002F9MNPE,56.95
B003VYBDCQ,857
B002SRXUKK,26.76
B002M8PDVO,34.49
B004F7LHF6,32.11
B00TKASR38,30
B000BHKV8I,39.47
B000FL42A8,24.2
B000TRJA28,25.3
B0195V1Z30,48.44
B000FN6KO2,28.6
B000PSFFD4,26.4
B004GZHJFY,55
B0026GOWLY,31.9
B002C833XY,37.44
B00V3Q7KP8,25.15
B001BZI17M,25.59
B00GBU2J84,23.1
B0006NF5J2,28.37
B0006NF5RE,27.62
B00270RZKE,37.42
B000WZYF86,26.55
B000BHNRIY,35.62
B000TRL38W,28.06
B005ENU5PS,26.91
B005ENXBH2,37.4
B000FL42VW,28.39
B00GWOT6KI,32.78
B00062BREK,36.67
B000KM5JX6,29.81
B000KKR5M6,25.3
B0002JT0X2,37.92
B001D1J69G,29.33
B0002JT0YG,31.42
B0002YWDWC,28.89
B0002JT10O,38.93
B000GBKCFG,513.95
B00KWM98FE,299.95
B00YTNJ5U0,270.95
B00CYHD950,299.95
B071CV4F81,660.37
B004WIWOUA,82.5
B015X5Q11I,77.04
B0120XSGCS,61.7
B00396HNGG,182
B00004XOT4,168
B002YK9ZAA,123
B007TMCD0W,45
B000WMWANQ,48
B000E0KOZC,155
B006GFQKIY,57
B085JP1PZ5,487
B000WN274W,37
B06XYQXK9S,52
B00D86Y4RS,52
B0030JTDDI,360.31
B07QQ8PK9V,1249.67
B01CK41Z7A,145.22
B00004YO62,52.59
B002JGPUEY,34.72
B000HB35AO,42.07
B07JG3H3M6,79.2
B00279PA48,30.8
B00270BQ4U,55
B000SFLEFM,33.19
B00PJ9AHJG,24.2
B000BOACQC,26.79
B001D1H9YU,36.3
B000FPDKFM,23.1
B000FPDMRI,22
B000FL9DBQ,25.78
B00004YO8J,34.52
B0002UKXBE,45.27
B003A2F2EY,34.22
B07RTWD4PP,84
B0788BQZXW,142.2
B000XQ2V9Y,2739.32
B07TW8N32D,1262.33
B07R6T3Y86,330
B00IVDM1F0,74.8
B000P6USPG,66.47
B008CGX4YS,137
B006817LRU,213
B0015SBILG,84.07
B01EOY7LTA,58.91
B005EXP6Q6,538.66
B07D2X7V78,77.16
B000X4KNTG,172
B005EXOBK8,90
B00ID7DH0M,155
B07FGFPFZV,372
B01LEI5IOE,153
B00INX3UPI,308.15
B00INX425K,43.05
B00INX42DW,45.71
B00INX45ZW,82.25
B00INX45O8,124.11
B00INX496W,145.46
B00INX49OO,216.12
B00INX4DDG,249.9
B00INX4DYK,374.9
B00INX4DOA,431.31
B00GIE7NRU,832.02
B00G6KYV44,478.09
B07TT7CBGP,90.68
B07TV7ZN5G,123.34
B07TW7DJDV,86.1
B07TRN67PR,111.52
B07TT7D7WJ,118.91
B07TWB8HKS,124.67
B07TS414R8,123.07
B005EB7E18,65.15
B01KY455QU,58.67
B01M0PDKOH,481.05
B01LSPKHI0,677.03
B07PDGYXJ9,64.96
B07PFDTT9S,66.89
B07TT7DTNW,64.35
B008VPN9JA,47.35
B00AA5K2IA,50.48
B073WK1D1W,49.34
B07GX537V2,77.77
B079P1JNKF,137.42
B07RCXNRLW,91.41
B00U3TS19A,30.53
B00SZ4UOZ4,128.35
B007QV6QH2,37.4
B005MVB6TG,149.55
B00ILLNSY0,62.29
B07RCK421K,108.63
B07DLX8BNR,46.56
B076BQ93XQ,48.02
B076BRL62N,68.58
B007QV4MS2,109.85
B00ILCA0ZE,68.2
B000TRL6QQ,719.09
B000G0BY9U,160.83
B00FOFXL0W,156.66
B0042XPI9Y,29.77
B0013NRHXG,59.09
B000OCHELM,86.48
B0002NYE0C,165
B000M5YDT2,109.65
B000M5YDU6,72.37
B000M4XPME,166.1
B001HWCNV4,36.03
B001HWG7HA,20.9
B0002SR7Q0,42.31
B07ZY7HRKX,46.36
B000G76OMA,33
B0002NYE16,178.11
B000HZKTE0,224.81
B000P6WM4G,38.39
B0041DVYZM,29.7
B004CUZRKC,34.75
B000P0VSRY,55.84
B000P0TZIS,66.58
B008MFR2IS,33.79
B000CODRFO,88.81
B000CO88C6,42.87
B002YKTZY6,27.34
B002YKRXFO,27.35
B000HI2MU6,40.06
B00MHQPQ9A,57.17
B000HAUVNO,123.39
B007EGAL5M,77.22
B003V5H748,22
B00EARCXXG,63.51
B002YKJMCG,48.65
B0049GCUWC,36.15
B003V5FY2U,48.07
B003V5CE3W,49.59
B0009OR90Q,30.95
B0009OR94M,37.47
B00RGNDZZG,261.55
B0007PAOL8,29.07
B000JFHMZW,87.05
B07JHLK4N8,74
B016QB9Q56,120
B08L845JFY,30
B00RGN8USS,40
B00RGNEKFA,54
B00OJG327E,45
B0186M1I7W,52
B00JRPCBJ2,221
B07BYYJR76,331
B01MUM4UXP,45.1
B07XPZK13F,313
B07S6T9YJS,300.87
B07Z8QBJ55,90
B000TQ6TXW,58.86
B008M21FDO,62.1
B000GTQRL6,41.58
B000GTQRMU,38.68
B01HSLYR20,40
B00FKVYOQU,66.86
B008M22XZ8,50.46
B002FCQO6K,42.34
B008M22Q8C,45.02
B0015PKSN8,47.49
B00OM7JPTO,74.91
B00OM7JRYM,84.78
B008M22W0E,65.12
B00SI7MCJO,103.8
B008M236UE,37.4
B008M23FQO,36.07
B01F78V30U,141.72
B00448Z248,127.73
B01N2HMP3A,74.03
B0009XAZTE,72.34
B0885B3FN5,109
B008M236WW,52
B0000T4UO8,136
B0791CDHS1,256.45
B000KRUKBM,22
B07V3T6WT4,601.9
B001O2ZTE0,19.8
B000PDUQSI,41.84
B001O2UAIA,45.77
B00HFLGVVY,144.67
B00L5OSRLO,139.02
B000COTXFC,36.3
B000COTXH0,37.65
B002XMU8I2,26
B002XMQWWI,26
B000FMK7KQ,24
B000HEFBX0,24
B000W1QZPG,21
B0002SQT7S,21
B0002SQTA0,21
B00265M9SS,93.02
B0002SQYUA,148.23
B004IQM460,153.85
B081J54KTT,132.72
B0792M9HTG,188.99
B071R7CJ1L,217.66
B075QNMS13,37.15
B00T04N2O8,126.5
B001AHMQ90,193.04
B01M1ORKN0,195.1
B07V5WTF5M,296.99
B07J1W6M7Q,318.99
B0785T47J8,367.45
B07J1N3Q1H,268.88
B00DPEQZWK,117.65
B01MSN2FSS,214.42
B00VYNEEZO,141.9
B00BYFNKCA,355.29
B086H4TVMS,395.99
B0043WF6Q4,252.32
B07HL81Y86,311.17
B07HCP25QH,374.16
B07YKWDJW9,365.83
B07V9XWD52,448.09
B0169SR0X6,304.38
B073R8K53Z,911.9
B07VYMTZPB,1271.06
B08847NY3N,548.45
B07JR8TFNB,349.79
B07D2D4L5R,523.68
B07BQKRQCP,505.99
B07V29WVZG,1137.26
B07J1MPPTG,219.99
B07J1NSHGT,294.98
B01APW65X8,1880.99
B075Y5L2D9,184.6
B07DDLLZZY,53.68
B07HQZ7XX6,57.95
B07H9H4Q9W,328.85
B007SNZJO4,245
B004WBFERM,138
B077ZW7379,228
B07HCTXHZZ,335
B07QZCNS5V,389
B001VGOJLI,216
B07FDVWY9T,750
B08SJJFMS2,637.95
B08FRJ75JH,1389.95
B07VXK7WV4,752.95
B01MCVWX6N,164
B00J2N2JZK,23
B00UZP4SY4,24
B01CGP4II6,25
B0007WK93O,116
B000CSOSSA,99
B08FVCC9TP,57
B0017WOBL4,167
B0772TB1CN,31
B0761THCV5,482.86
B07YYL2STJ,153.36
B005257JKC,1166.54
B000KSTEZO,35
B0073NVA0Q,98
B003WUYG1E,26
B07P6R7869,142.99
B000HHYEMQ,37.4
B007K92PWA,85.74
B07D2M9M2G,1208
B07S3YX4XL,31
B002OQ93QK,490
B00X1JY1BQ,520
B00X1JY1I4,587
B00UBI8C6K,476
B07858F534,79.95
B004LX14Z2,347.7
B015TKSSB8,437.35
B003JSHQW0,193.5
B07W6B987F,106.85
B01M13HPV2,919.05
B00BBJ6WPG,4881
B019JIMHYA,335
B000OCHCCI,60.5
B000GHUD9U,8138.49
B0015DMKOA,8166.63
B000I1E5ZC,100.03
B000OQKIPC,70.4
B000NP3FJU,1093.77
B000OQKJ2Y,172.98
B000F5HUTO,88
B00VX0LAQY,70.38
B000L7JQE8,46.2
B009S4SYE8,131.11
B0002SRF9O,97.55
B004K2FSXI,140.66
B08D3X62XY,450.1
B07ZRPXK9V,81.59
B07SMBM8WW,281.35
B07ZRQHY3K,214.53
B00CDDB81C,53.16
B00KIKZOIA,2182.72
B004CGRQGE,124.2
B00IXZU2WU,108.9
B000IHM5XU,207.88
B0002SRF4E,91.3
B000LQDAV4,70.75
B000LQEUYA,75.89
B000RHZO7U,82.3
B00I6H7IIG,96.8
B000OCFIAQ,184.18
B000P70W1A,202.4
B000P6WMC8,209
B000I16OTM,178.89
B0002SQUJK,132.87
B00063VFQO,64.9
B000NIXGJ6,965
B000O1E4WU,264
B000I1ZW1S,12689
B000F5JLP0,158
B00EVPMNUU,172
B00EVPMO68,190
B00EVPMN7S,208
B00EVPMJ1S,159
B00KNCGPW2,104
B00EVPMSSM,108
B0872HTP4S,194
B07ZRPKZVV,201
B07ZRR8Z35,76
B07ZRQ9KFV,147
B08C76PJHT,146
B0002SRHU6,367
B084H18WXB,359
B08DL7KPMT,1686
B08FVGSWXC,4703
B08DL834L4,1588
B08FVLHYPK,1612
B00002N7QH,58.9
B00CECWLSG,113.01
B006485HEQ,88
B006485R9Q,26
B006485RWI,26
B006485Y8A,26
B000P72CSQ,787.89
B006P5E87K,153
B003VCCHKA,152
B005MVB43O,180.18
B00DPI31N2,1548
B0002JT4V0,142.51
B0002JT5ZK,31.9
B0002JT60E,52.04
B0009H5QTE,392.01
B000T7OH44,714.95
B0035HRQMA,1102.56
B001VXV2V6,609.52
B00140X4XK,151
B004F7JAOG,49
B01FT374YC,195
B0000224J6,66
B0000224J7,73
B0000224J8,82
B0000224J9,102
B0000224JA,154
B0000224JE,111
B0000224JF,134
B0000224JG,176
B0000224JI,600
B001ASEX90,294
B001D1KOY2,76
B000LEFA82,183
B011KF4B8U,196
B000WR15AA,155
B000UX3Z3G,146.3
B00YTKOCQA,176
B01N55GXMT,267.95
B00EVPN3AO,11658.87
B00K2WWCGG,107.66
B07DM2PSRY,308.46
B0756NVGHV,1197.85
B01MA3DBRI,174.55
B00YTJX352,39.79
B079P5FW5D,215.92
B000HD9YKC,300.99
B07CLBDKT1,1056.95
B07PVQQFH8,154
B07CL8HTCZ,88
B004ZC3TFC,75.95
B07QCQP6G3,163.44
B01NA9U7D0,123.28
B01N1IZLTD,106.5
B01N1S8IH4,67.1
B000KPSA0W,513.29
B078XL638P,136.49
B07ZRP9BHY,1121.66
B000P6WMM8,28.6
B0002SRGWU,156.23
B000HAXF1Y,23.56
B000GTFG5E,31.41
B0015DU920,49.67
B00K2WW4RS,31.9
B00K2WW5V8,44.1
B00LEZG73O,52.81
B001BFQ3UY,149.22
B01IHI7HVG,353.5
B001G1CUK0,52
B00005QWYF,45
B00008BFS8,77
B009YNYOV0,88.54
B0000AUSN5,24.2
B002XMW984,181.73
B006MPBPX8,62.7
B006MPBZTW,83.01
B006L237M4,47.97
B0002SRAQW,314.2
B006L2329C,98.81
B002YKRWIM,33.61
B006L238PU,40.46
B01J7SC4NQ,118.29
B006MPC2WG,30.93
B006MPC2YY,41.64
B000R6W1XQ,300.87
B0742MGFJW,196.32
B07CTY46H2,74.99
B07CV1J7WV,93.37
B0076HIHF0,41.61
B0076HIV6K,35.71
B000ROHQTC,63.64
B007RLED5S,41.83
B003XIJ868,31.53
B07B6HCXPK,119.41
B0015S9VRE,119.47
B006MPCBWM,43.27
B002YKFV5I,43.18
B000GTQW98,37.85
B000GHYMJ2,33.57
B06W59W223,153.87
B0006BJ0IG,33.66
B000SOU7W4,52.97
B000SOSFE6,55.51
B002YKE1D6,92.77
B002YKG3X2,104.14
B002YKJ8ZC,116.86
B000SOVV88,128.26
B000SOXCLM,153.64
B000B06FLW,424.04
B000GTIKI4,48.61
B000SOSHNU,49.35
B000SOUB3Y,50.68
B000SOVWH8,50.68
B000SOVWZU,52.13
B000SOVX2C,61.75
B000SOSIS4,51.88
B000SOXEI8,68.22
B000SOUC7Y,52.97
B000SOSJH4,54.41
B00436G2HM,107.54
B000SOSJRY,53.11
B003XT5IU2,80.17
B000SOUD6Y,68.82
B000SOUDBO,58.36
B00436G2KO,151.08
B000SOVY9Y,71.12
B00063ZDGW,92.16
B00063ZDDK,112.62
B00063ZDDU,123.86
B00063ZDA8,109.52
B000I1DRE2,5109.69
B008QTA3B8,31.58
B008QTA3A4,27.25
B0006FGOAY,36.67
B000HB0HX2,46.22
B000M1BMFE,911.79
B000GTHGYS,35.3
B000FN4GWK,37.39
B002YKBH9M,40.83
B002YKBHCY,33.28
B002YKF42S,30.8
B002YK9NZM,53.48
B00F3I216K,277.34
B0074HNLQM,36.42
B0074HNMG6,36.77
B0074HNP5O,36.59
B0074HN7QQ,39.85
B000I1R28E,34.49
B007QV1DKM,43.58
B018JX4JKG,108.8
B01J7SBYVE,58.91
B01J7SBYS2,71.64
B0076HL644,35.66
B0076HL7B6,35.57
B0076HL8QA,35.57
B000XW7XBE,114.48
B007RLEC4U,27.5
B002YKF9EG,35.85
B000LQDBZE,84.95
B00DTVASNQ,40.51
B007QV1B9K,35.1
B0076HLA54,35.06
B007QV5ORU,35.1
B00DTVCVSG,37.36
B007QV5PKQ,28.08
B007QV6MSA,39.74
B0076HLA1I,30.53
B008FWEFH4,83.6
B007RLEDGC,183.58
B074QNGRDT,87.99
B0014DKI7M,363
B001U426I4,41
B003IOEQ1O,43.12
B003EZZUNU,43.12
B0093NBSSS,498
B006L23ISW,24.91
B003XIJ7KA,24.59
B006MPBZ06,46.69
B003XIJ7X2,313.21
B006JVU2JS,36.2
B0074HNIAG,27.04
B006MPCSPM,48.28
B002YKN7F4,95
B000SOVVPG,47
B000SOSJ6A,42
B003XT5IQG,56.23
B003XT5ISY,56.23
B002YKH2KK,79
B07B488R1T,699
B00D4OPCS4,1863
B008QTA3B8,17
B0002STRBI,52
B0002UNU9Q,75.37
B000JL33QI,75.37
B07X2B44M6,187.95
B06XKSFZKX,128.28
B082VCX5JQ,79.72
B007QV5EGQ,19.59
B007QV1LQ8,27.04
B000XW7XBE,125
B006JVU4OG,23.32
B006WVFTQ6,116.95
B004KQ79AO,166.95
B00L5OYKO2,333.95
B004EYO4S2,520.95
B000OCIX7Q,49
B00BBJ9IH0,2090
B000MEZB9E,219.87
B000METWLW,195.02
B01AB36OIC,182.99
B00063XQUC,520.3
B00HMESHUM,602.31
B00WRIMGOQ,996.36
B07YD2TSNW,179.64
B00H2W64D6,166.35
B06XX3R2VN,118.68
B079CXMTN9,68.7
B0069TW1AI,35.44
B07BZBH7ZL,28.21
B07V9XV2Q6,40.82
B082LQ286D,57.46
B08DQPKPQW,72.57
B00JF5VAUU,37.5
B00DCUEX0S,39.1
B00F67PDM2,138.23
B07DB4DN6Y,71.34
B07V9JPX87,37.61
B00JF5HHK2,48
B00265M8LQ,36
B005MVBDV2,89
B004EZIFNG,24
B009RY3RLY,118
B07VF948Z4,45
B0872J3CJF,46.45
B004JXVSLO,46.9
B0002NYBLO,66
B000NPDL76,117.2
B077NYK1TW,90.86
B015093L6K,86.26
B07V9WZGZ3,79.03
B0015S8TUY,152.86
B00004YO5K,34
B00L3R8WD6,34
B00004SBB2,40
B007P2HUMM,34
B01LZS58CB,34
B000GR87IE,58
B000GR65A6,77
B000GR49TK,79
B000GR49VI,102
B004HM609C,147
B005ENVLCE,196
B000GR37S4,343
B000BDH9IW,43
B0001VNWL2,46
B0001VNWLC,54
B075TCDVDT,64
B0001VNWM6,85
B0001VNWMG,45
B0001VNWMQ,54
B0001VNWN0,151
B0001VNWNA,187
B00004YO5J,35
B0036WF5NQ,36
B0044UUJ5S,34
B003ZV0B0K,34
B00012FQGA,33.76
B07BYVSQWT,39.06
B00004SBBH,44.52
B00N3VSPF0,120.29
B000A0S4Y4,47.17
B07L2RLCFJ,39.6
B000JNLUN4,62.69
B000BDIRUQ,41.56
B00004SBBI,63.86
B01N7CB1CE,60.95
B00QMH8UZW,36.11
B00004SBCH,97.55
B00002N6RL,35.19
B01AY0I1GA,433.33
B000JGCPV2,73.17
B00DK2CS7I,51.73
B0014DKLHO,47.87
B00JF9LNVC,118.54
B001PAV3EG,565.38
B07F9Y6NXJ,245
B00004XPVO,347
B00HQA1SFS,2076
B00HQA1SXA,2076
B005Y57504,180.42
B00VP3IKKI,229.97
B0079GQYGW,121.43
B074PX27Y3,111.09
B07GBKSG7S,121.17